snapshot_date,underlying,direction,score,reason,call_volume,put_volume,total_volume,call_share,put_share,put_call_ratio,direction_x_base,total_x_base,prior_direction,direction_share_base,reversal_bonus,history_days
2026-06-05,US.SQQQ,CALL,103.03,CALL 占比 91%; CALL 较基线 5.2x; 总量较基线 4.4x,246673,24877,271550,0.9084,0.0916,0.1009,5.158,4.45,CALL,0.7914,,6
2026-06-05,US.SPY,PUT,90.17,PUT 占比 57%; PUT 较基线 5.3x; 总量较基线 4.5x,5859218,7914670,13773888,0.4254,0.5746,1.3508,5.281,4.531,PUT,0.5317,,6
2026-06-05,US.QQQ,CALL,84.18,CALL 占比 51%; CALL 较基线 4.5x; 总量较基线 4.6x,4696423,4436161,9132584,0.5142,0.4858,0.9446,4.51,4.588,PUT,0.487,,6
2026-06-05,US.UVXY,CALL,82.09,CALL 占比 81%; CALL 较基线 3.7x; 总量较基线 3.4x,62378,14371,76749,0.8128,0.1872,0.2304,3.668,3.373,CALL,0.7575,,6
2026-06-05,US.CRCL,PUT,76.04,"PUT 占比 66%; PUT 较基线 3.6x; 总量较基线 1.6x; 方向反转 CALL->PUT, 占比提升 36%",35586,69442,105028,0.3388,0.6612,1.9514,3.649,1.584,CALL,0.2979,10.9,6
2026-06-05,US.SOXS,CALL,75.17,CALL 占比 84%; CALL 较基线 3.0x; 总量较基线 2.9x,599445,115708,715153,0.8382,0.1618,0.193,3.013,2.924,CALL,0.8144,,6
2026-06-05,US.MARA,CALL,73.53,CALL 占比 80%; CALL 较基线 3.0x; 总量较基线 3.0x,369717,93657,463374,0.7979,0.2021,0.2533,2.959,2.99,CALL,0.7638,,6
2026-06-05,US.IWM,PUT,70.26,PUT 占比 68%; PUT 较基线 3.1x; 总量较基线 3.1x,800878,1668657,2469535,0.3243,0.6757,2.0835,3.111,3.057,PUT,0.6865,,6
2026-06-05,US.SBET,PUT,68.46,"PUT 占比 60%; PUT 较基线 3.3x; 总量较基线 1.5x; 方向反转 CALL->PUT, 占比提升 32%",14550,21885,36435,0.3993,0.6007,1.5041,3.253,1.488,CALL,0.2846,9.48,6
2026-06-05,US.AVGO,PUT,68.33,PUT 占比 54%; PUT 较基线 4.4x; 总量较基线 1.9x,194799,227302,422101,0.4615,0.5385,1.1669,4.407,1.922,CALL,0.2304,,6
2026-06-05,US.MSTR,PUT,67.1,PUT 占比 68%; PUT 较基线 3.3x; 总量较基线 2.2x,228772,482524,711296,0.3216,0.6784,2.1092,3.339,2.209,CALL,0.495,,6
2026-06-05,US.META,PUT,67.0,PUT 占比 50%; PUT 较基线 4.8x; 总量较基线 1.4x,281928,286537,568465,0.4959,0.5041,1.0163,4.779,1.435,CALL,0.1492,,6
2026-06-05,US.SVIX,PUT,62.83,PUT 占比 55%; PUT 较基线 2.9x; 总量较基线 2.9x,6360,7703,14063,0.4523,0.5477,1.2112,2.939,2.902,PUT,0.5761,,6
2026-06-05,US.SOXL,CALL,62.78,CALL 占比 54%; CALL 较基线 2.9x; 总量较基线 3.0x,109589,92991,202580,0.541,0.459,0.8485,2.899,2.991,CALL,0.5572,,6
2026-06-05,US.RBRK,CALL,61.69,CALL 占比 76%; CALL 较基线 2.1x; 总量较基线 2.4x,23941,7485,31426,0.7618,0.2382,0.3126,2.104,2.398,CALL,0.8661,,6
2026-06-05,US.FCX,CALL,61.67,CALL 占比 68%; CALL 较基线 2.4x; 总量较基线 2.5x,102745,49424,152169,0.6752,0.3248,0.481,2.433,2.534,CALL,0.7143,,6
2026-06-05,US.TMF,CALL,59.65,CALL 占比 76%; CALL 较基线 2.3x; 总量较基线 1.8x,18435,5741,24176,0.7625,0.2375,0.3114,2.266,1.837,CALL,0.6183,,6
2026-06-05,US.CRWD,PUT,58.44,"PUT 占比 63%; PUT 较基线 2.2x; 总量较基线 1.2x; 方向反转 CALL->PUT, 占比提升 29%",12382,21033,33415,0.3706,0.6294,1.6987,2.16,1.206,CALL,0.3378,8.75,6
2026-06-05,US.IBIT,PUT,58.02,PUT 占比 72%; PUT 较基线 2.3x; 总量较基线 1.8x,240982,609695,850677,0.2833,0.7167,2.53,2.333,1.782,PUT,0.5471,,6
2026-06-05,US.COIN,PUT,57.05,PUT 占比 54%; PUT 较基线 3.0x; 总量较基线 1.9x,96500,113854,210354,0.4588,0.5412,1.1798,2.991,1.912,CALL,0.3504,,6
2026-06-05,US.COHR,PUT,56.29,PUT 占比 70%; PUT 较基线 2.2x; 总量较基线 1.7x,11765,27321,39086,0.301,0.699,2.3222,2.248,1.724,PUT,0.5336,,6
2026-06-05,US.CVX,CALL,55.62,CALL 占比 79%; CALL 较基线 1.9x; 总量较基线 1.5x,29917,8001,37918,0.789,0.211,0.2674,1.858,1.532,CALL,0.6591,,6
2026-06-05,US.EWT,CALL,55.04,CALL 占比 71%; CALL 较基线 1.8x; 总量较基线 2.1x,13546,5441,18987,0.7134,0.2866,0.4017,1.772,2.055,CALL,0.775,,6
2026-06-05,US.AAPL,CALL,54.28,CALL 占比 62%; CALL 较基线 1.9x; 总量较基线 2.4x,927153,568956,1496109,0.6197,0.3803,0.6137,1.884,2.404,CALL,0.7742,,6
2026-06-05,US.LITE,CALL,53.59,CALL 占比 67%; CALL 较基线 2.0x; 总量较基线 1.8x,24307,11995,36302,0.6696,0.3304,0.4935,1.99,1.816,CALL,0.5935,,6
2026-06-05,US.RDDT,CALL,53.47,CALL 占比 80%; CALL 较基线 1.5x; 总量较基线 1.6x,58150,14105,72255,0.8048,0.1952,0.2426,1.477,1.578,CALL,0.8521,,6
2026-06-05,US.QCOM,PUT,51.8,PUT 占比 54%; PUT 较基线 3.2x; 总量较基线 0.8x,47047,55673,102720,0.458,0.542,1.1833,3.156,0.812,CALL,0.1572,,6
2026-06-05,US.LI,CALL,51.59,CALL 占比 56%; CALL 较基线 2.2x; 总量较基线 1.9x,9922,7683,17605,0.5636,0.4364,0.7743,2.173,1.943,CALL,0.5551,,6
2026-06-05,US.MRVL,CALL,51.53,CALL 占比 68%; CALL 较基线 1.6x; 总量较基线 1.9x,305355,143682,449037,0.68,0.32,0.4705,1.611,1.906,CALL,0.7963,,6
2026-06-05,US.SCO,PUT,50.86,PUT 占比 61%; PUT 较基线 2.2x; 总量较基线 1.5x,3072,4740,7812,0.3932,0.6068,1.543,2.186,1.517,CALL,0.3329,,6
2026-06-05,US.MRNA,CALL,50.58,CALL 占比 84%; CALL 较基线 1.2x; 总量较基线 1.2x,43834,8132,51966,0.8435,0.1565,0.1855,1.208,1.195,CALL,0.7407,,6
2026-06-05,US.AMZN,CALL,50.33,CALL 占比 68%; CALL 较基线 1.5x; 总量较基线 1.8x,609582,293506,903088,0.675,0.325,0.4815,1.538,1.836,CALL,0.7922,,6
2026-06-05,US.TSLA,CALL,49.92,CALL 占比 56%; CALL 较基线 1.8x; 总量较基线 2.2x,1739548,1363897,3103445,0.5605,0.4395,0.7841,1.804,2.177,CALL,0.6788,,6
2026-06-05,US.NVDA,CALL,49.48,CALL 占比 62%; CALL 较基线 1.6x; 总量较基线 2.0x,2458855,1479650,3938505,0.6243,0.3757,0.6018,1.56,2.006,CALL,0.8012,,6
2026-06-05,US.NOK,CALL,49.11,CALL 占比 77%; CALL 较基线 1.3x; 总量较基线 1.3x,582713,170338,753051,0.7738,0.2262,0.2923,1.26,1.347,CALL,0.832,,3
2026-06-05,US.GOOGL,CALL,48.31,CALL 占比 71%; CALL 较基线 1.4x; 总量较基线 1.4x,276141,112149,388290,0.7112,0.2888,0.4061,1.403,1.44,CALL,0.7336,,6
2026-06-05,US.TNA,PUT,47.74,PUT 占比 66%; PUT 较基线 1.6x; 总量较基线 1.4x,10164,19363,29527,0.3442,0.6558,1.9051,1.645,1.392,PUT,0.5471,,6
2026-06-05,US.ASX,CALL,47.05,CALL 占比 77%; CALL 较基线 1.1x; 总量较基线 1.2x,5650,1679,7329,0.7709,0.2291,0.2972,1.094,1.243,CALL,0.8675,,6
2026-06-05,US.DJT,CALL,46.83,CALL 占比 80%; CALL 较基线 1.0x; 总量较基线 1.1x,23013,5619,28632,0.8038,0.1962,0.2442,1.032,1.071,CALL,0.8489,,6
2026-06-05,US.YINN,PUT,46.45,PUT 占比 51%; PUT 较基线 2.1x; 总量较基线 1.5x,5996,6220,12216,0.4908,0.5092,1.0374,2.121,1.518,CALL,0.3612,,6
2026-06-05,US.AMD,CALL,46.23,CALL 占比 51%; CALL 较基线 1.6x; 总量较基线 2.2x,240429,228567,468996,0.5126,0.4874,0.9507,1.588,2.17,CALL,0.7006,,6
2026-06-05,US.JD,CALL,45.62,CALL 占比 86%; CALL 较基线 0.9x; 总量较基线 0.7x,22551,3552,26103,0.8639,0.1361,0.1575,0.856,0.703,CALL,0.7268,,6
2026-06-05,US.HOOD,CALL,45.6,CALL 占比 77%; CALL 较基线 1.0x; 总量较基线 1.1x,329205,99750,428955,0.7675,0.2325,0.303,1.021,1.122,CALL,0.8325,,6
2026-06-05,US.TSM,CALL,44.63,CALL 占比 62%; CALL 较基线 1.4x; 总量较基线 1.4x,84777,52444,137221,0.6178,0.3822,0.6186,1.406,1.445,CALL,0.6132,,6
2026-06-05,US.TWLO,CALL,44.41,CALL 占比 70%; CALL 较基线 1.1x; 总量较基线 1.2x,7274,3124,10398,0.6996,0.3004,0.4295,1.128,1.233,CALL,0.7557,,6
2026-06-05,US.GDS,CALL,43.7,CALL 占比 94%; CALL 较基线 0.4x; 总量较基线 0.4x,1089,65,1154,0.9437,0.0563,0.0597,0.428,0.422,CALL,0.8561,,6
2026-06-05,US.FUTU,PUT,43.36,PUT 占比 72%; PUT 较基线 1.1x; 总量较基线 0.9x,3200,8210,11410,0.2805,0.7195,2.5656,1.135,0.917,PUT,0.5913,,4
2026-06-05,US.GEV,PUT,42.93,PUT 占比 65%; PUT 较基线 1.2x; 总量较基线 1.2x,4250,7831,12081,0.3518,0.6482,1.8426,1.227,1.198,PUT,0.5983,,6
2026-06-05,US.SOFI,CALL,42.92,CALL 占比 73%; CALL 较基线 0.9x; 总量较基线 1.1x,300392,111238,411630,0.7298,0.2702,0.3703,0.925,1.055,CALL,0.8232,,6
2026-06-05,US.VEEV,CALL,42.92,CALL 占比 84%; CALL 较基线 0.7x; 总量较基线 0.6x,3865,759,4624,0.8359,0.1641,0.1964,0.729,0.608,CALL,0.6662,,6
2026-06-05,US.APLD,CALL,42.71,CALL 占比 64%; CALL 较基线 1.1x; 总量较基线 1.4x,47597,26380,73977,0.6434,0.3566,0.5542,1.103,1.358,CALL,0.7626,,6
2026-06-05,US.INTU,PUT,41.89,PUT 占比 60%; PUT 较基线 1.5x; 总量较基线 1.0x,6564,10033,16597,0.3955,0.6045,1.5285,1.481,0.978,CALL,0.4164,,6
2026-06-05,US.SMCI,CALL,41.55,CALL 占比 78%; CALL 较基线 0.7x; 总量较基线 0.8x,207933,57207,265140,0.7842,0.2158,0.2751,0.699,0.764,CALL,0.8285,,6
2026-06-05,US.CBRS,CALL,41.4,CALL 占比 61%; CALL 较基线 1.1x; 总量较基线 1.3x,15126,9807,24933,0.6067,0.3933,0.6484,1.148,1.325,CALL,0.6987,,6
2026-06-05,US.BABA,CALL,40.84,CALL 占比 69%; CALL 较基线 0.9x; 总量较基线 1.0x,65917,29454,95371,0.6912,0.3088,0.4468,0.889,1.013,CALL,0.7819,,6
2026-06-05,US.NBIS,CALL,40.77,CALL 占比 52%; CALL 较基线 1.3x; 总量较基线 1.6x,90301,82722,173023,0.5219,0.4781,0.9161,1.289,1.598,CALL,0.6377,,6
2026-06-05,US.RXRX,CALL,39.69,CALL 占比 82%; CALL 较基线 0.5x; 总量较基线 0.5x,19786,4421,24207,0.8174,0.1826,0.2234,0.468,0.542,CALL,0.9255,,6
2026-06-05,US.ASML,CALL,39.23,CALL 占比 65%; CALL 较基线 0.9x; 总量较基线 0.9x,6853,3637,10490,0.6533,0.3467,0.5307,0.931,0.941,CALL,0.6566,,6
2026-06-05,US.GEMI,CALL,39.12,CALL 占比 59%; CALL 较基线 1.0x; 总量较基线 1.2x,2542,1748,4290,0.5925,0.4075,0.6876,1.042,1.181,CALL,0.6822,,6
2026-06-05,US.BMNR,CALL,39.0,CALL 占比 50%; CALL 较基线 1.2x; 总量较基线 1.6x,101417,101222,202639,0.5005,0.4995,0.9981,1.196,1.568,CALL,0.6538,,6
2026-06-05,US.OPEN,CALL,38.8,CALL 占比 74%; CALL 较基线 0.6x; 总量较基线 0.7x,99880,35951,135831,0.7353,0.2647,0.3599,0.613,0.747,CALL,0.8914,,6
2026-06-05,US.IREN,CALL,38.55,CALL 占比 55%; CALL 较基线 1.0x; 总量较基线 1.3x,198170,160534,358704,0.5525,0.4475,0.8101,1.045,1.348,CALL,0.7204,,6
2026-06-05,US.INTC,CALL,38.31,CALL 占比 59%; CALL 较基线 0.9x; 总量较基线 1.2x,314729,218200,532929,0.5906,0.4094,0.6933,0.926,1.212,CALL,0.7693,,6
2026-06-05,US.SOUN,CALL,38.27,CALL 占比 74%; CALL 较基线 0.6x; 总量较基线 0.7x,56903,20056,76959,0.7394,0.2606,0.3525,0.576,0.68,CALL,0.8504,,6
2026-06-05,US.BBAI,CALL,38.05,CALL 占比 74%; CALL 较基线 0.6x; 总量较基线 0.7x,80164,28382,108546,0.7385,0.2615,0.354,0.561,0.67,CALL,0.8611,,6
2026-06-05,US.MDB,CALL,37.79,CALL 占比 74%; CALL 较基线 0.6x; 总量较基线 0.6x,9426,3361,12787,0.7372,0.2628,0.3566,0.59,0.598,CALL,0.7385,,4
2026-06-05,US.IGV,CALL,36.58,CALL 占比 71%; CALL 较基线 0.7x; 总量较基线 0.5x,84586,35117,119703,0.7066,0.2934,0.4152,0.676,0.484,CALL,0.5613,,6
2026-06-05,US.OKLO,CALL,36.39,CALL 占比 63%; CALL 较基线 0.7x; 总量较基线 0.9x,55133,33029,88162,0.6254,0.3746,0.5991,0.725,0.929,CALL,0.8058,,6
2026-06-05,US.VST,CALL,36.19,CALL 占比 51%; CALL 较基线 1.0x; 总量较基线 1.3x,11220,10650,21870,0.513,0.487,0.9492,1.01,1.266,CALL,0.6201,,6
2026-06-05,US.MSFT,CALL,36.05,CALL 占比 63%; CALL 较基线 0.7x; 总量较基线 0.9x,387944,231301,619245,0.6265,0.3735,0.5962,0.665,0.945,CALL,0.8712,,6
2026-06-05,US.SAP,CALL,35.94,CALL 占比 68%; CALL 较基线 0.6x; 总量较基线 0.7x,3226,1505,4731,0.6819,0.3181,0.4665,0.564,0.692,CALL,0.819,,6
2026-06-05,US.XOM,CALL,35.89,CALL 占比 59%; CALL 较基线 0.8x; 总量较基线 0.9x,24088,16733,40821,0.5901,0.4099,0.6947,0.824,0.949,CALL,0.6553,,6
2026-06-05,US.HPE,CALL,35.85,CALL 占比 71%; CALL 较基线 0.5x; 总量较基线 0.6x,88469,36473,124942,0.7081,0.2919,0.4123,0.508,0.576,CALL,0.8059,,4
2026-06-05,US.MP,CALL,35.73,CALL 占比 53%; CALL 较基线 0.9x; 总量较基线 1.2x,16041,14129,30170,0.5317,0.4683,0.8808,0.879,1.239,CALL,0.7334,,6
2026-06-05,US.PDD,PUT,35.68,PUT 占比 55%; PUT 较基线 1.0x; 总量较基线 0.9x,26748,33226,59974,0.446,0.554,1.2422,1.043,0.863,CALL,0.3842,,6
2026-06-05,US.ORCL,CALL,35.48,CALL 占比 64%; CALL 较基线 0.6x; 总量较基线 0.8x,186032,102547,288579,0.6446,0.3554,0.5512,0.605,0.81,CALL,0.8289,,6
2026-06-05,US.DELL,PUT,35.24,PUT 占比 55%; PUT 较基线 1.2x; 总量较基线 0.6x,29959,36326,66285,0.452,0.548,1.2125,1.215,0.601,CALL,0.3249,,6
2026-06-05,US.DUOL,CALL,34.44,CALL 占比 62%; CALL 较基线 0.7x; 总量较基线 0.7x,2357,1448,3805,0.6194,0.3806,0.6143,0.657,0.735,CALL,0.6825,,6
2026-06-05,US.NET,CALL,33.81,CALL 占比 64%; CALL 较基线 0.6x; 总量较基线 0.6x,11643,6622,18265,0.6374,0.3626,0.5688,0.56,0.638,CALL,0.7152,,6
2026-06-05,US.AEHR,CALL,33.01,CALL 占比 58%; CALL 较基线 0.7x; 总量较基线 0.7x,2884,2056,4940,0.5838,0.4162,0.7129,0.663,0.725,CALL,0.6034,,3
2026-06-05,US.WDAY,PUT,32.84,PUT 占比 51%; PUT 较基线 1.1x; 总量较基线 0.6x,3878,4077,7955,0.4875,0.5125,1.0513,1.069,0.631,CALL,0.3232,,6
2026-06-05,US.GFS,CALL,32.62,CALL 占比 64%; CALL 较基线 0.4x; 总量较基线 0.6x,7226,3982,11208,0.6447,0.3553,0.5511,0.429,0.566,CALL,0.8152,,3
2026-06-05,US.SNOW,CALL,32.46,CALL 占比 65%; CALL 较基线 0.4x; 总量较基线 0.5x,33499,18258,51757,0.6472,0.3528,0.545,0.426,0.528,CALL,0.7716,,6
2026-06-05,US.CRWV,CALL,32.44,CALL 占比 53%; CALL 较基线 0.7x; 总量较基线 1.0x,103397,91439,194836,0.5307,0.4693,0.8843,0.654,0.996,CALL,0.7723,,6
2026-06-05,US.TEAM,CALL,32.02,CALL 占比 58%; CALL 较基线 0.5x; 总量较基线 0.7x,5161,3747,8908,0.5794,0.4206,0.726,0.55,0.741,CALL,0.7717,,4
2026-06-05,US.ADSK,PUT,31.51,PUT 占比 65%; PUT 较基线 0.4x; 总量较基线 0.4x,1197,2188,3385,0.3536,0.6464,1.8279,0.421,0.382,PUT,0.5085,,6
2026-06-05,US.DDOG,PUT,31.36,PUT 占比 53%; PUT 较基线 0.8x; 总量较基线 0.6x,7469,8429,15898,0.4698,0.5302,1.1285,0.783,0.648,CALL,0.4541,,6
2026-06-05,US.CRM,CALL,31.07,CALL 占比 62%; CALL 较基线 0.4x; 总量较基线 0.5x,38503,23227,61730,0.6237,0.3763,0.6033,0.393,0.496,CALL,0.7412,,6
2026-06-05,US.UPST,CALL,31.05,CALL 占比 56%; CALL 较基线 0.6x; 总量较基线 0.7x,8519,6780,15299,0.5568,0.4432,0.7959,0.565,0.71,CALL,0.7027,,6
2026-06-05,US.PLTR,CALL,30.18,CALL 占比 54%; CALL 较基线 0.5x; 总量较基线 0.7x,239079,201072,440151,0.5432,0.4568,0.841,0.499,0.743,CALL,0.7838,,6
2026-06-05,US.NOW,CALL,28.46,CALL 占比 56%; CALL 较基线 0.3x; 总量较基线 0.5x,67830,52220,120050,0.565,0.435,0.7699,0.347,0.514,CALL,0.8284,,6
2026-06-05,US.IBM,CALL,27.72,CALL 占比 53%; CALL 较基线 0.4x; 总量较基线 0.6x,42577,37703,80280,0.5304,0.4696,0.8855,0.365,0.598,CALL,0.8524,,6
2026-06-05,US.TIGR,CALL,25.7,CALL 占比 55%; CALL 较基线 0.3x; 总量较基线 0.2x,2978,2406,5384,0.5531,0.4469,0.8079,0.306,0.188,PUT,0.4325,,6
2026-06-05,US.PANW,CALL,25.35,CALL 占比 51%; CALL 较基线 0.3x; 总量较基线 0.4x,12508,11861,24369,0.5133,0.4867,0.9483,0.307,0.393,CALL,0.649,,6
2026-06-04,US.MRNA,CALL,64.78,CALL 占比 86%; CALL 较基线 2.2x; 总量较基线 2.1x,61531,9670,71201,0.8642,0.1358,0.1572,2.205,2.096,CALL,0.7299,,6
2026-06-04,US.EWT,CALL,53.66,CALL 占比 96%; CALL 较基线 1.2x; 总量较基线 1.0x,11147,507,11654,0.9565,0.0435,0.0455,1.163,1.016,CALL,0.7671,,6
2026-06-04,US.RBRK,CALL,53.62,CALL 占比 86%; CALL 较基线 1.4x; 总量较基线 1.4x,13137,2137,15274,0.8601,0.1399,0.1627,1.368,1.378,CALL,0.8557,,6
2026-06-04,US.SBET,CALL,51.77,CALL 占比 96%; CALL 较基线 1.1x; 总量较基线 0.8x,19579,761,20340,0.9626,0.0374,0.0389,1.057,0.801,CALL,0.7108,,6
2026-06-04,US.RXRX,CALL,51.09,CALL 占比 97%; CALL 较基线 0.9x; 总量较基线 0.9x,44176,1472,45648,0.9678,0.0322,0.0333,0.889,0.878,CALL,0.9289,,6
2026-06-04,US.RDDT,CALL,50.8,CALL 占比 85%; CALL 较基线 1.2x; 总量较基线 1.2x,46510,8160,54670,0.8507,0.1493,0.1754,1.197,1.198,CALL,0.8448,,6
2026-06-04,US.QQQ,CALL,49.19,CALL 占比 55%; CALL 较基线 2.0x; 总量较基线 1.9x,1733149,1444575,3177724,0.5454,0.4546,0.8335,2.028,1.858,PUT,0.4643,,6
2026-06-04,US.GOOGL,CALL,49.06,CALL 占比 82%; CALL 较基线 1.2x; 总量较基线 1.1x,220933,47704,268637,0.8224,0.1776,0.2159,1.228,1.057,CALL,0.7095,,6
2026-06-04,US.SOXS,CALL,48.89,CALL 占比 82%; CALL 较基线 1.2x; 总量较基线 1.2x,232202,52311,284513,0.8161,0.1839,0.2253,1.164,1.155,CALL,0.8114,,6
2026-06-04,US.SPY,CALL,48.72,CALL 占比 56%; CALL 较基线 2.0x; 总量较基线 1.7x,2537183,1990728,4527911,0.5603,0.4397,0.7846,1.998,1.72,PUT,0.4476,,6
2026-06-04,US.MDB,CALL,48.45,CALL 占比 91%; CALL 较基线 0.9x; 总量较基线 0.7x,15375,1505,16880,0.9108,0.0892,0.0979,0.95,0.737,CALL,0.681,,3
2026-06-04,US.SAP,CALL,47.66,CALL 占比 92%; CALL 较基线 0.8x; 总量较基线 0.7x,4792,418,5210,0.9198,0.0802,0.0872,0.812,0.728,CALL,0.7989,,5
2026-06-04,US.IWM,PUT,46.18,PUT 占比 61%; PUT 较基线 1.4x; 总量较基线 1.7x,511168,794593,1305761,0.3915,0.6085,1.5545,1.446,1.712,PUT,0.7254,,6
2026-06-04,US.META,CALL,45.96,CALL 占比 86%; CALL 较基线 0.8x; 总量较基线 0.8x,294521,46500,341021,0.8636,0.1364,0.1579,0.821,0.807,CALL,0.8498,,6
2026-06-04,US.UVXY,CALL,45.88,CALL 占比 89%; CALL 较基线 0.8x; 总量较基线 0.6x,13886,1634,15520,0.8947,0.1053,0.1177,0.783,0.638,CALL,0.7309,,6
2026-06-04,US.NOK,CALL,45.18,CALL 占比 87%; CALL 较基线 0.8x; 总量较基线 0.7x,379675,54805,434480,0.8739,0.1261,0.1443,0.753,0.699,CALL,0.811,,2
2026-06-04,US.DJT,CALL,44.91,CALL 占比 88%; CALL 较基线 0.7x; 总量较基线 0.7x,15729,2142,17871,0.8801,0.1199,0.1362,0.71,0.67,CALL,0.8446,,6
2026-06-04,US.HOOD,CALL,44.84,CALL 占比 91%; CALL 较基线 0.6x; 总量较基线 0.6x,192193,17896,210089,0.9148,0.0852,0.0931,0.614,0.557,CALL,0.8042,,6
2026-06-04,US.FCX,CALL,44.44,CALL 占比 86%; CALL 较基线 0.8x; 总量较基线 0.6x,31832,5349,37181,0.8561,0.1439,0.168,0.795,0.639,CALL,0.6915,,6
2026-06-04,US.GEMI,CALL,43.82,CALL 占比 96%; CALL 较基线 0.5x; 总量较基线 0.3x,1250,57,1307,0.9564,0.0436,0.0456,0.468,0.303,CALL,0.6048,,6
2026-06-04,US.CBRS,CALL,43.37,CALL 占比 80%; CALL 较基线 0.9x; 总量较基线 0.7x,12645,3173,15818,0.7994,0.2006,0.2509,0.867,0.742,CALL,0.6795,,6
2026-06-04,US.SQQQ,CALL,43.14,CALL 占比 80%; CALL 较基线 0.8x; 总量较基线 0.8x,40484,10376,50860,0.796,0.204,0.2563,0.809,0.805,CALL,0.799,,6
2026-06-04,US.MRVL,CALL,42.77,CALL 占比 80%; CALL 较基线 0.8x; 总量较基线 0.7x,147466,36365,183831,0.8022,0.1978,0.2466,0.781,0.739,CALL,0.7527,,6
2026-06-04,US.VEEV,CALL,42.66,CALL 占比 66%; CALL 较基线 1.1x; 总量较基线 1.2x,5846,2998,8844,0.661,0.339,0.5128,1.127,1.202,CALL,0.6673,,5
2026-06-04,US.COIN,CALL,41.34,CALL 占比 78%; CALL 较基线 0.8x; 总量较基线 0.6x,62337,17130,79467,0.7844,0.2156,0.2748,0.765,0.641,CALL,0.6409,,6
2026-06-04,US.ASX,CALL,41.19,CALL 占比 89%; CALL 较基线 0.4x; 总量较基线 0.4x,2616,311,2927,0.8937,0.1063,0.1189,0.389,0.389,CALL,0.8763,,6
2026-06-04,US.TWLO,CALL,40.23,CALL 占比 74%; CALL 较基线 0.7x; 总量较基线 0.8x,4550,1574,6124,0.743,0.257,0.3459,0.738,0.768,CALL,0.7737,,6
2026-06-04,US.AVGO,CALL,39.82,CALL 占比 55%; CALL 较基线 1.1x; 总量较基线 1.5x,161077,130406,291483,0.5526,0.4474,0.8096,1.061,1.538,CALL,0.7734,,6
2026-06-04,US.OPEN,CALL,39.74,CALL 占比 89%; CALL 较基线 0.3x; 总量较基线 0.3x,51611,6134,57745,0.8938,0.1062,0.1189,0.284,0.286,CALL,0.8946,,6
2026-06-04,US.QCOM,CALL,39.52,CALL 占比 83%; CALL 较基线 0.5x; 总量较基线 0.5x,54229,11131,65360,0.8297,0.1703,0.2053,0.451,0.454,CALL,0.8249,,6
2026-06-04,US.NOW,CALL,39.43,CALL 占比 84%; CALL 较基线 0.4x; 总量较基线 0.4x,84979,16451,101430,0.8378,0.1622,0.1936,0.424,0.421,CALL,0.8223,,6
2026-06-04,US.BABA,CALL,39.22,CALL 占比 82%; CALL 较基线 0.5x; 总量较基线 0.4x,34845,7409,42254,0.8247,0.1753,0.2126,0.457,0.431,CALL,0.7649,,6
2026-06-04,US.IGV,PUT,39.09,"PUT 占比 66%; PUT 较基线 0.3x; 总量较基线 0.2x; 方向反转 CALL->PUT, 占比提升 28%",20727,40089,60816,0.3408,0.6592,1.9341,0.341,0.249,CALL,0.3757,8.51,6
2026-06-04,US.SCO,CALL,38.58,CALL 占比 53%; CALL 较基线 1.2x; 总量较基线 1.3x,2937,2565,5502,0.5338,0.4662,0.8733,1.179,1.3,CALL,0.4115,,6
2026-06-04,US.CRCL,CALL,38.41,CALL 占比 72%; CALL 较基线 0.7x; 总量较基线 0.7x,33426,13325,46751,0.715,0.285,0.3986,0.701,0.701,CALL,0.7059,,6
2026-06-04,US.OKLO,CALL,38.18,CALL 占比 81%; CALL 较基线 0.4x; 总量较基线 0.4x,31417,7212,38629,0.8133,0.1867,0.2296,0.407,0.399,CALL,0.7945,,6
2026-06-04,US.INTC,CALL,38.05,CALL 占比 79%; CALL 较基线 0.5x; 总量较基线 0.5x,168428,45720,214148,0.7865,0.2135,0.2715,0.479,0.46,CALL,0.7464,,6
2026-06-04,US.UPST,CALL,37.72,CALL 占比 80%; CALL 较基线 0.4x; 总量较基线 0.4x,6966,1771,8737,0.7973,0.2027,0.2542,0.441,0.384,CALL,0.6897,,6
2026-06-04,US.SOFI,CALL,37.57,CALL 占比 81%; CALL 较基线 0.4x; 总量较基线 0.4x,125451,29037,154488,0.812,0.188,0.2315,0.361,0.368,CALL,0.8177,,6
2026-06-04,US.ORCL,CALL,37.43,CALL 占比 81%; CALL 较基线 0.4x; 总量较基线 0.4x,110212,26575,136787,0.8057,0.1943,0.2411,0.362,0.384,CALL,0.8111,,6
2026-06-04,US.NVDA,CALL,37.13,CALL 占比 72%; CALL 较基线 0.6x; 总量较基线 0.6x,934113,357522,1291635,0.7232,0.2768,0.3827,0.557,0.624,CALL,0.8146,,6
2026-06-04,US.IBIT,PUT,37.09,PUT 占比 60%; PUT 较基线 1.0x; 总量较基线 0.9x,158573,240977,399550,0.3969,0.6031,1.5197,0.974,0.862,PUT,0.5296,,6
2026-06-04,US.TSLA,CALL,37.08,CALL 占比 67%; CALL 较基线 0.7x; 总量较基线 0.7x,714165,343971,1058136,0.6749,0.3251,0.4816,0.715,0.726,CALL,0.6888,,6
2026-06-04,US.JD,CALL,36.91,CALL 占比 84%; CALL 较基线 0.3x; 总量较基线 0.2x,7306,1442,8748,0.8352,0.1648,0.1974,0.267,0.227,CALL,0.7151,,6
2026-06-04,US.MSFT,CALL,36.6,CALL 占比 81%; CALL 较基线 0.3x; 总量较基线 0.3x,170326,39905,210231,0.8102,0.1898,0.2343,0.288,0.315,CALL,0.8703,,6
2026-06-04,US.AMD,CALL,36.57,CALL 占比 68%; CALL 较基线 0.7x; 总量较基线 0.7x,105631,50378,156009,0.6771,0.3229,0.4769,0.674,0.682,CALL,0.6873,,6
2026-06-04,US.SOUN,CALL,36.45,CALL 占比 83%; CALL 较基线 0.2x; 总量较基线 0.2x,21648,4284,25932,0.8348,0.1652,0.1979,0.215,0.223,CALL,0.8394,,6
2026-06-04,US.HPE,CALL,36.01,CALL 占比 84%; CALL 较基线 0.2x; 总量较基线 0.2x,40506,7913,48419,0.8366,0.1634,0.1954,0.185,0.177,CALL,0.7956,,3
2026-06-04,US.BBAI,CALL,35.89,CALL 占比 83%; CALL 较基线 0.2x; 总量较基线 0.2x,27438,5467,32905,0.8339,0.1661,0.1992,0.176,0.188,CALL,0.8757,,6
2026-06-04,US.ASML,CALL,35.86,CALL 占比 73%; CALL 较基线 0.5x; 总量较基线 0.4x,4010,1475,5485,0.7311,0.2689,0.3678,0.503,0.433,CALL,0.6232,,6
2026-06-04,US.PLTR,CALL,35.45,CALL 占比 74%; CALL 较基线 0.4x; 总量较基线 0.4x,195884,68115,263999,0.742,0.258,0.3477,0.397,0.432,CALL,0.7854,,6
2026-06-04,US.AMZN,CALL,35.38,CALL 占比 72%; CALL 较基线 0.5x; 总量较基线 0.5x,194216,76940,271156,0.7163,0.2837,0.3962,0.454,0.517,CALL,0.8102,,6
2026-06-04,US.TSM,CALL,35.28,CALL 占比 55%; CALL 较基线 0.9x; 总量较基线 1.1x,58882,49164,108046,0.545,0.455,0.835,0.896,1.052,CALL,0.621,,6
2026-06-04,US.AAPL,CALL,35.27,CALL 占比 74%; CALL 较基线 0.4x; 总量较基线 0.4x,213870,75626,289496,0.7388,0.2612,0.3536,0.396,0.425,CALL,0.7811,,6
2026-06-04,US.SNOW,CALL,35.25,CALL 占比 80%; CALL 较基线 0.2x; 总量较基线 0.2x,19985,4875,24860,0.8039,0.1961,0.2439,0.221,0.221,CALL,0.7652,,5
2026-06-04,US.IREN,CALL,35.11,CALL 占比 71%; CALL 较基线 0.5x; 总量较基线 0.5x,114842,45804,160646,0.7149,0.2851,0.3988,0.469,0.46,CALL,0.7143,,6
2026-06-04,US.TEAM,CALL,35.0,CALL 占比 81%; CALL 较基线 0.2x; 总量较基线 0.2x,2077,472,2549,0.8148,0.1852,0.2273,0.176,0.168,CALL,0.7574,,3
2026-06-04,US.CRWD,CALL,34.72,CALL 占比 53%; CALL 较基线 0.9x; 总量较基线 1.1x,15893,14107,30000,0.5298,0.4702,0.8876,0.865,1.101,CALL,0.6886,,5
2026-06-04,US.SMCI,CALL,34.66,CALL 占比 78%; CALL 较基线 0.2x; 总量较基线 0.3x,72837,20402,93239,0.7812,0.2188,0.2801,0.234,0.256,CALL,0.8313,,6
2026-06-04,US.SOXL,PUT,34.32,PUT 占比 53%; PUT 较基线 1.0x; 总量较基线 0.9x,31501,35657,67158,0.4691,0.5309,1.1319,0.99,0.862,CALL,0.4482,,6
2026-06-04,US.IBM,CALL,34.21,CALL 占比 78%; CALL 较基线 0.2x; 总量较基线 0.2x,23556,6519,30075,0.7832,0.2168,0.2767,0.197,0.218,CALL,0.8589,,6
2026-06-04,US.NBIS,CALL,34.13,CALL 占比 71%; CALL 较基线 0.4x; 总量较基线 0.4x,33017,13789,46806,0.7054,0.2946,0.4176,0.449,0.387,CALL,0.5933,,6
2026-06-04,US.MARA,CALL,33.83,CALL 占比 72%; CALL 较基线 0.4x; 总量较基线 0.4x,45338,18065,63403,0.7151,0.2849,0.3985,0.357,0.394,CALL,0.7414,,6
2026-06-04,US.FUTU,PUT,33.82,PUT 占比 67%; PUT 较基线 0.5x; 总量较基线 0.5x,2195,4421,6616,0.3318,0.6682,2.0141,0.541,0.46,PUT,0.5656,,3
2026-06-04,US.GDS,CALL,33.81,CALL 占比 80%; CALL 较基线 0.1x; 总量较基线 0.2x,339,87,426,0.7958,0.2042,0.2566,0.133,0.153,CALL,0.8059,,6
2026-06-04,US.YINN,CALL,33.73,CALL 占比 73%; CALL 较基线 0.3x; 总量较基线 0.3x,1913,710,2623,0.7293,0.2707,0.3711,0.343,0.302,CALL,0.6373,,6
2026-06-04,US.MSTR,PUT,33.55,PUT 占比 58%; PUT 较基线 0.8x; 总量较基线 0.6x,89790,121800,211590,0.4244,0.5756,1.3565,0.839,0.637,CALL,0.4761,,6
2026-06-04,US.COHR,CALL,32.94,CALL 占比 59%; CALL 较基线 0.7x; 总量较基线 0.6x,7423,5162,12585,0.5898,0.4102,0.6954,0.746,0.563,PUT,0.4303,,6
2026-06-04,US.GFS,CALL,32.87,CALL 占比 77%; CALL 较基线 0.1x; 总量较基线 0.2x,3230,956,4186,0.7716,0.2284,0.296,0.137,0.152,CALL,0.837,,2
2026-06-04,US.LITE,PUT,32.7,PUT 占比 57%; PUT 较基线 0.8x; 总量较基线 0.5x,5045,6732,11777,0.4284,0.5716,1.3344,0.821,0.546,CALL,0.3838,,6
2026-06-04,US.MP,CALL,32.57,CALL 占比 65%; CALL 较基线 0.4x; 总量较基线 0.5x,8206,4426,12632,0.6496,0.3504,0.5394,0.44,0.51,CALL,0.7402,,6
2026-06-04,US.NET,PUT,31.98,PUT 占比 51%; PUT 较基线 1.0x; 总量较基线 0.5x,7210,7603,14813,0.4867,0.5133,1.0545,1.029,0.535,CALL,0.2893,,6
2026-06-04,US.CVX,CALL,31.83,CALL 占比 67%; CALL 较基线 0.4x; 总量较基线 0.4x,6736,3343,10079,0.6683,0.3317,0.4963,0.368,0.358,CALL,0.6566,,6
2026-06-04,US.CRM,CALL,31.4,CALL 占比 70%; CALL 较基线 0.2x; 总量较基线 0.3x,25113,10636,35749,0.7025,0.2975,0.4235,0.223,0.251,CALL,0.7489,,5
2026-06-04,US.WDAY,CALL,31.35,CALL 占比 72%; CALL 较基线 0.2x; 总量较基线 0.2x,1909,746,2655,0.719,0.281,0.3908,0.188,0.182,CALL,0.6683,,5
2026-06-04,US.CRWV,CALL,31.3,CALL 占比 66%; CALL 较基线 0.3x; 总量较基线 0.4x,54505,28683,83188,0.6552,0.3448,0.5262,0.337,0.399,CALL,0.744,,6
2026-06-04,US.BMNR,CALL,31.28,CALL 占比 64%; CALL 较基线 0.4x; 总量较基线 0.4x,35698,19872,55570,0.6424,0.3576,0.5567,0.392,0.408,CALL,0.6735,,6
2026-06-04,US.AEHR,PUT,30.93,PUT 占比 56%; PUT 较基线 0.7x; 总量较基线 0.4x,1546,1994,3540,0.4367,0.5633,1.2898,0.736,0.419,CALL,0.3133,,2
2026-06-04,US.PANW,PUT,28.56,PUT 占比 50%; PUT 较基线 0.7x; 总量较基线 0.5x,14433,14621,29054,0.4968,0.5032,1.013,0.701,0.471,CALL,0.3423,,6
2026-06-04,US.SVIX,PUT,28.55,PUT 占比 64%; PUT 较基线 0.2x; 总量较基线 0.2x,357,632,989,0.361,0.639,1.7703,0.228,0.195,PUT,0.576,,6
2026-06-04,US.DDOG,PUT,28.39,PUT 占比 59%; PUT 较基线 0.4x; 总量较基线 0.3x,3297,4705,8002,0.412,0.588,1.4271,0.393,0.288,CALL,0.4273,,5
2026-06-04,US.APLD,CALL,28.19,CALL 占比 61%; CALL 较基线 0.2x; 总量较基线 0.3x,14146,9170,23316,0.6067,0.3933,0.6482,0.248,0.324,CALL,0.7885,,6
2026-06-04,US.LI,PUT,27.91,PUT 占比 54%; PUT 较基线 0.5x; 总量较基线 0.4x,2125,2504,4629,0.4591,0.5409,1.1784,0.482,0.404,CALL,0.4135,,6
2026-06-04,US.TIGR,CALL,27.13,CALL 占比 58%; CALL 较基线 0.3x; 总量较基线 0.2x,3864,2808,6672,0.5791,0.4209,0.7267,0.336,0.213,PUT,0.4414,,6
2026-06-04,US.GEV,PUT,27.06,PUT 占比 54%; PUT 较基线 0.4x; 总量较基线 0.4x,2100,2509,4609,0.4556,0.5444,1.1948,0.354,0.408,PUT,0.6019,,6
2026-06-04,US.TNA,CALL,26.45,CALL 占比 51%; CALL 较基线 0.5x; 总量较基线 0.4x,4620,4509,9129,0.5061,0.4939,0.976,0.475,0.4,PUT,0.4238,,6
2026-06-04,US.TMF,CALL,26.27,CALL 占比 56%; CALL 较基线 0.3x; 总量较基线 0.3x,2518,1986,4504,0.5591,0.4409,0.7887,0.266,0.298,CALL,0.6329,,6
2026-06-04,US.XOM,CALL,26.23,CALL 占比 51%; CALL 较基线 0.4x; 总量较基线 0.5x,12290,11794,24084,0.5103,0.4897,0.9596,0.36,0.489,CALL,0.6832,,6
2026-06-04,US.DUOL,CALL,26.21,CALL 占比 53%; CALL 较基线 0.3x; 总量较基线 0.4x,1235,1104,2339,0.528,0.472,0.8939,0.327,0.413,CALL,0.6703,,6
2026-06-04,US.VST,PUT,26.2,PUT 占比 51%; PUT 较基线 0.5x; 总量较基线 0.4x,3726,3841,7567,0.4924,0.5076,1.0309,0.467,0.36,CALL,0.3849,,6
2026-06-04,US.INTU,CALL,26.08,CALL 占比 54%; CALL 较基线 0.3x; 总量较基线 0.3x,3397,2844,6241,0.5443,0.4557,0.8372,0.294,0.327,CALL,0.5915,,5
2026-06-04,US.PDD,CALL,26.04,CALL 占比 60%; CALL 较基线 0.2x; 总量较基线 0.1x,7902,5280,13182,0.5995,0.4005,0.6682,0.153,0.14,CALL,0.6109,,6
2026-06-04,US.ADSK,CALL,23.53,CALL 占比 55%; CALL 较基线 0.1x; 总量较基线 0.1x,516,421,937,0.5507,0.4493,0.8159,0.12,0.09,PUT,0.4796,,5
2026-06-04,US.DELL,CALL,23.27,CALL 占比 51%; CALL 较基线 0.2x; 总量较基线 0.3x,14644,14214,28858,0.5075,0.4925,0.9706,0.179,0.256,CALL,0.6833,,6
2026-06-03,US.GFS,CALL,73.49,CALL 占比 88%; CALL 较基线 2.9x; 总量较基线 2.6x,35014,4679,39693,0.8821,0.1179,0.1336,2.854,2.562,CALL,0.7919,,1
2026-06-03,US.QCOM,CALL,65.52,CALL 占比 93%; CALL 较基线 2.1x; 总量较基线 1.8x,216434,15331,231765,0.9339,0.0661,0.0708,2.144,1.836,CALL,0.8031,,5
2026-06-03,US.VEEV,CALL,59.95,CALL 占比 66%; CALL 较基线 2.3x; 总量较基线 2.5x,9437,4858,14295,0.6602,0.3398,0.5148,2.287,2.541,CALL,0.6691,,4
2026-06-03,US.AVGO,CALL,57.93,CALL 占比 79%; CALL 较基线 1.9x; 总量较基线 1.9x,247330,65501,312831,0.7906,0.2094,0.2648,1.864,1.898,CALL,0.7699,,5
2026-06-03,US.COHR,PUT,55.62,PUT 占比 75%; PUT 较基线 2.1x; 总量较基线 1.4x,7566,22314,29880,0.2532,0.7468,2.9492,2.143,1.434,PUT,0.5343,,5
2026-06-03,US.VST,PUT,54.86,"PUT 占比 67%; PUT 较基线 1.6x; 总量较基线 0.8x; 方向反转 CALL->PUT, 占比提升 34%",5928,12010,17938,0.3305,0.6695,2.026,1.608,0.828,CALL,0.328,10.25,5
2026-06-03,US.INTC,CALL,53.66,CALL 占比 85%; CALL 较基线 1.5x; 总量较基线 1.3x,486564,87246,573810,0.848,0.152,0.1793,1.498,1.292,CALL,0.7261,,5
2026-06-03,US.MSTR,PUT,53.24,"PUT 占比 71%; PUT 较基线 1.4x; 总量较基线 0.8x; 方向反转 CALL->PUT, 占比提升 28%",78289,194188,272477,0.2873,0.7127,2.4804,1.434,0.792,CALL,0.4288,8.52,5
2026-06-03,US.MRNA,CALL,50.37,CALL 占比 88%; CALL 较基线 1.1x; 总量较基线 1.0x,30544,4055,34599,0.8828,0.1172,0.1328,1.115,1.022,CALL,0.6993,,5
2026-06-03,US.NOK,CALL,50.26,CALL 占比 81%; CALL 较基线 1.3x; 总量较基线 1.3x,563572,128334,691906,0.8145,0.1855,0.2277,1.268,1.257,CALL,0.8075,,1
2026-06-03,US.SOXS,CALL,50.03,CALL 占比 82%; CALL 较基线 1.2x; 总量较基线 1.2x,237478,51949,289427,0.8205,0.1795,0.2188,1.238,1.218,CALL,0.8096,,5
2026-06-03,US.AMD,CALL,49.59,CALL 占比 83%; CALL 较基线 1.3x; 总量较基线 1.0x,192445,39422,231867,0.83,0.17,0.2048,1.286,1.017,CALL,0.6587,,5
2026-06-03,US.OKLO,CALL,49.09,CALL 占比 84%; CALL 较基线 1.1x; 总量较基线 1.0x,85165,15699,100864,0.8444,0.1556,0.1843,1.127,1.05,CALL,0.7845,,5
2026-06-03,US.GOOGL,CALL,48.69,CALL 占比 76%; CALL 较基线 1.3x; 总量较基线 1.2x,229445,71131,300576,0.7634,0.2366,0.31,1.349,1.227,CALL,0.6988,,5
2026-06-03,US.MRVL,CALL,48.2,CALL 占比 80%; CALL 较基线 1.2x; 总量较基线 1.1x,219133,56325,275458,0.7955,0.2045,0.257,1.2,1.131,CALL,0.7441,,5
2026-06-03,US.SQQQ,CALL,47.26,CALL 占比 86%; CALL 较基线 0.9x; 总量较基线 0.9x,47929,7626,55555,0.8627,0.1373,0.1591,0.95,0.858,CALL,0.7863,,5
2026-06-03,US.XOM,CALL,46.19,CALL 占比 71%; CALL 较基线 1.3x; 总量较基线 1.2x,41914,17135,59049,0.7098,0.2902,0.4088,1.288,1.249,CALL,0.6778,,5
2026-06-03,US.OPEN,CALL,45.38,CALL 占比 87%; CALL 较基线 0.7x; 总量较基线 0.8x,141529,21402,162931,0.8686,0.1314,0.1512,0.747,0.777,CALL,0.8998,,5
2026-06-03,US.AMZN,CALL,44.68,CALL 占比 76%; CALL 较基线 1.0x; 总量较基线 1.1x,420825,131777,552602,0.7615,0.2385,0.3131,0.979,1.065,CALL,0.82,,5
2026-06-03,US.META,CALL,44.1,CALL 占比 87%; CALL 较基线 0.7x; 总量较基线 0.7x,254728,37978,292706,0.8703,0.1297,0.1491,0.671,0.652,CALL,0.8458,,5
2026-06-03,US.AAPL,CALL,42.51,CALL 占比 78%; CALL 较基线 0.8x; 总量较基线 0.8x,448045,126439,574484,0.7799,0.2201,0.2822,0.802,0.817,CALL,0.7813,,5
2026-06-03,US.CRWD,CALL,42.36,CALL 占比 52%; CALL 较基线 1.3x; 总量较基线 1.9x,22534,21175,43709,0.5155,0.4845,0.9397,1.3,1.89,CALL,0.7319,,4
2026-06-03,US.LI,CALL,42.26,CALL 占比 88%; CALL 较基线 0.6x; 总量较基线 0.4x,4167,589,4756,0.8762,0.1238,0.1413,0.623,0.371,CALL,0.5286,,5
2026-06-03,US.TNA,PUT,42.02,PUT 占比 65%; PUT 较基线 1.2x; 总量较基线 1.1x,8493,15499,23992,0.354,0.646,1.8249,1.226,1.062,PUT,0.5623,,5
2026-06-03,US.SCO,CALL,41.98,CALL 占比 76%; CALL 较基线 0.9x; 总量较基线 0.7x,2324,721,3045,0.7632,0.2368,0.3102,0.92,0.681,CALL,0.3411,,5
2026-06-03,US.AEHR,CALL,41.98,CALL 占比 75%; CALL 较基线 0.9x; 总量较基线 0.8x,5544,1895,7439,0.7453,0.2547,0.3418,0.932,0.785,CALL,0.6282,,1
2026-06-03,US.FUTU,PUT,41.83,PUT 占比 60%; PUT 较基线 1.3x; 总量较基线 1.2x,6609,9778,16387,0.4033,0.5967,1.4795,1.327,1.224,PUT,0.55,,2
2026-06-03,US.SMCI,CALL,41.62,CALL 占比 85%; CALL 较基线 0.5x; 总量较基线 0.5x,183409,32522,215931,0.8494,0.1506,0.1773,0.545,0.548,CALL,0.8277,,5
2026-06-03,US.ASX,CALL,41.5,CALL 占比 89%; CALL 较基线 0.4x; 总量较基线 0.4x,3209,414,3623,0.8857,0.1143,0.129,0.432,0.437,CALL,0.8745,,5
2026-06-03,US.BABA,CALL,41.22,CALL 占比 78%; CALL 较基线 0.7x; 总量较基线 0.7x,57690,16441,74131,0.7782,0.2218,0.285,0.721,0.72,CALL,0.7622,,5
2026-06-03,US.IBIT,PUT,41.03,PUT 占比 61%; PUT 较基线 1.3x; 总量较基线 1.1x,188769,299397,488166,0.3867,0.6133,1.586,1.263,1.065,PUT,0.5129,,5
2026-06-03,US.RBRK,CALL,40.73,CALL 占比 79%; CALL 较基线 0.6x; 总量较基线 0.7x,6353,1675,8028,0.7914,0.2086,0.2637,0.62,0.687,CALL,0.8686,,5
2026-06-03,US.IWM,PUT,40.67,PUT 占比 76%; PUT 较基线 0.8x; 总量较基线 0.7x,137732,433008,570740,0.2413,0.7587,3.1438,0.756,0.712,PUT,0.7188,,5
2026-06-03,US.SAP,CALL,40.58,CALL 占比 80%; CALL 较基线 0.6x; 总量较基线 0.6x,3904,991,4895,0.7975,0.2025,0.2538,0.61,0.634,CALL,0.7993,,4
2026-06-03,US.FCX,CALL,40.37,CALL 占比 69%; CALL 较基线 0.9x; 总量较基线 0.9x,37318,16999,54317,0.687,0.313,0.4555,0.92,0.921,CALL,0.6923,,5
2026-06-03,US.IBM,CALL,40.24,CALL 占比 77%; CALL 较基线 0.6x; 总量较基线 0.7x,80571,23873,104444,0.7714,0.2286,0.2963,0.631,0.722,CALL,0.8765,,5
2026-06-03,US.CVX,CALL,40.17,CALL 占比 67%; CALL 较基线 1.0x; 总量较基线 1.0x,17973,9021,26994,0.6658,0.3342,0.5019,0.979,0.951,CALL,0.6548,,5
2026-06-03,US.RDDT,CALL,39.82,CALL 占比 81%; CALL 较基线 0.5x; 总量较基线 0.6x,21973,5195,27168,0.8088,0.1912,0.2364,0.52,0.551,CALL,0.852,,5
2026-06-03,US.CBRS,CALL,39.65,CALL 占比 69%; CALL 较基线 0.9x; 总量较基线 0.9x,12963,5891,18854,0.6875,0.3125,0.4544,0.87,0.865,CALL,0.678,,5
2026-06-03,US.IREN,CALL,39.56,CALL 占比 70%; CALL 较基线 0.8x; 总量较基线 0.8x,208902,90255,299157,0.6983,0.3017,0.432,0.829,0.833,CALL,0.7175,,5
2026-06-03,US.DJT,CALL,39.51,CALL 占比 85%; CALL 较基线 0.4x; 总量较基线 0.4x,9904,1772,11676,0.8482,0.1518,0.1789,0.403,0.394,CALL,0.8439,,5
2026-06-03,US.MARA,CALL,39.38,CALL 占比 78%; CALL 较基线 0.6x; 总量较基线 0.6x,80624,23321,103945,0.7756,0.2244,0.2893,0.592,0.603,CALL,0.7346,,5
2026-06-03,US.NVDA,CALL,39.23,CALL 占比 81%; CALL 较基线 0.5x; 总量较基线 0.5x,912995,220129,1133124,0.8057,0.1943,0.2411,0.499,0.502,CALL,0.8164,,5
2026-06-03,US.SOFI,CALL,39.16,CALL 占比 76%; CALL 较基线 0.6x; 总量较基线 0.7x,222290,69572,291862,0.7616,0.2384,0.313,0.597,0.654,CALL,0.8289,,5
2026-06-03,US.SOUN,CALL,39.14,CALL 占比 78%; CALL 较基线 0.5x; 总量较基线 0.6x,59366,17012,76378,0.7773,0.2227,0.2866,0.544,0.615,CALL,0.8518,,5
2026-06-03,US.CRWV,CALL,38.96,CALL 占比 74%; CALL 较基线 0.6x; 总量较基线 0.7x,111627,38880,150507,0.7417,0.2583,0.3483,0.649,0.684,CALL,0.7445,,5
2026-06-03,US.BMNR,CALL,38.62,CALL 占比 61%; CALL 较基线 1.0x; 总量较基线 1.1x,88027,55504,143531,0.6133,0.3867,0.6305,0.961,1.067,CALL,0.6855,,5
2026-06-03,US.BBAI,CALL,38.41,CALL 占比 81%; CALL 较基线 0.4x; 总量较基线 0.4x,69324,15859,85183,0.8138,0.1862,0.2288,0.401,0.441,CALL,0.8881,,5
2026-06-03,US.MSFT,CALL,38.24,CALL 占比 80%; CALL 较基线 0.4x; 总量较基线 0.5x,270660,65706,336366,0.8047,0.1953,0.2428,0.412,0.459,CALL,0.8834,,5
2026-06-03,US.JD,CALL,38.16,CALL 占比 73%; CALL 较基线 0.6x; 总量较基线 0.6x,18717,6860,25577,0.7318,0.2682,0.3665,0.645,0.622,CALL,0.7118,,5
2026-06-03,US.TMF,CALL,37.98,CALL 占比 63%; CALL 较基线 0.9x; 总量较基线 0.9x,8831,5227,14058,0.6282,0.3718,0.5919,0.919,0.916,CALL,0.6339,,5
2026-06-03,US.SOXL,CALL,37.65,CALL 占比 62%; CALL 较基线 1.0x; 总量较基线 0.8x,41701,26102,67803,0.615,0.385,0.6259,0.995,0.848,CALL,0.5392,,5
2026-06-03,US.TWLO,CALL,37.5,CALL 占比 83%; CALL 较基线 0.3x; 总量较基线 0.3x,2213,455,2668,0.8295,0.1705,0.2056,0.318,0.295,CALL,0.7625,,5
2026-06-03,US.NOW,CALL,37.43,CALL 占比 76%; CALL 较基线 0.5x; 总量较基线 0.5x,107696,34896,142592,0.7553,0.2447,0.324,0.492,0.548,CALL,0.8357,,5
2026-06-03,US.TSLA,CALL,37.41,CALL 占比 71%; CALL 较基线 0.6x; 总量较基线 0.6x,683444,273459,956903,0.7142,0.2858,0.4001,0.644,0.614,CALL,0.6837,,5
2026-06-03,US.ORCL,CALL,36.72,CALL 占比 75%; CALL 较基线 0.4x; 总量较基线 0.5x,149842,49564,199406,0.7514,0.2486,0.3308,0.446,0.515,CALL,0.823,,5
2026-06-03,US.ASML,PUT,36.5,PUT 占比 51%; PUT 较基线 1.3x; 总量较基线 0.9x,5802,5947,11749,0.4938,0.5062,1.025,1.345,0.915,CALL,0.3509,,5
2026-06-03,US.PLTR,CALL,36.31,CALL 占比 69%; CALL 较基线 0.6x; 总量较基线 0.7x,303431,135442,438873,0.6914,0.3086,0.4464,0.572,0.681,CALL,0.8042,,5
2026-06-03,US.RXRX,CALL,36.29,CALL 占比 84%; CALL 较基线 0.2x; 总量较基线 0.2x,10658,2055,12713,0.8384,0.1616,0.1928,0.185,0.212,CALL,0.947,,5
2026-06-03,US.PANW,CALL,36.18,CALL 占比 55%; CALL 较基线 0.9x; 总量较基线 1.2x,38168,31789,69957,0.5456,0.4544,0.8329,0.921,1.164,CALL,0.6801,,5
2026-06-03,US.HPE,CALL,35.41,CALL 占比 79%; CALL 较基线 0.3x; 总量较基线 0.3x,77886,20681,98567,0.7902,0.2098,0.2655,0.27,0.274,CALL,0.7984,,2
2026-06-03,US.TEAM,CALL,35.12,CALL 占比 67%; CALL 较基线 0.5x; 总量较基线 0.7x,7523,3660,11183,0.6727,0.3273,0.4865,0.538,0.651,CALL,0.7997,,2
2026-06-03,US.UVXY,CALL,34.88,CALL 占比 73%; CALL 较基线 0.4x; 总量较基线 0.4x,7982,2952,10934,0.73,0.27,0.3698,0.405,0.405,CALL,0.731,,5
2026-06-03,US.SBET,CALL,34.87,CALL 占比 73%; CALL 较基线 0.4x; 总量较基线 0.4x,8236,3018,11254,0.7318,0.2682,0.3664,0.4,0.399,CALL,0.7066,,5
2026-06-03,US.DUOL,CALL,34.42,CALL 占比 71%; CALL 较基线 0.4x; 总量较基线 0.4x,1824,738,2562,0.7119,0.2881,0.4046,0.437,0.408,CALL,0.662,,5
2026-06-03,US.APLD,CALL,34.38,CALL 占比 71%; CALL 较基线 0.4x; 总量较基线 0.5x,25873,10638,36511,0.7086,0.2914,0.4112,0.408,0.461,CALL,0.8045,,5
2026-06-03,US.COIN,CALL,34.06,CALL 占比 56%; CALL 较基线 0.8x; 总量较基线 0.9x,65472,52348,117820,0.5557,0.4443,0.7995,0.773,0.941,CALL,0.6579,,5
2026-06-03,US.YINN,CALL,34.06,CALL 占比 66%; CALL 较基线 0.6x; 总量较基线 0.6x,3392,1777,5169,0.6562,0.3438,0.5239,0.564,0.55,CALL,0.6335,,5
2026-06-03,US.TSM,PUT,33.92,PUT 占比 56%; PUT 较基线 1.0x; 总量较基线 0.6x,29778,37199,66977,0.4446,0.5554,1.2492,1.006,0.61,CALL,0.3437,,5
2026-06-03,US.HOOD,CALL,33.7,CALL 占比 68%; CALL 较基线 0.4x; 总量较基线 0.5x,145998,68807,214805,0.6797,0.3203,0.4713,0.421,0.524,CALL,0.8291,,5
2026-06-03,US.GDS,CALL,32.74,CALL 占比 75%; CALL 较基线 0.2x; 总量较基线 0.2x,551,187,738,0.7466,0.2534,0.3394,0.187,0.231,CALL,0.8177,,5
2026-06-03,US.LITE,CALL,32.62,CALL 占比 58%; CALL 较基线 0.6x; 总量较基线 0.7x,9217,6646,15863,0.581,0.419,0.7211,0.648,0.698,CALL,0.6232,,5
2026-06-03,US.MDB,CALL,32.49,CALL 占比 62%; CALL 较基线 0.5x; 总量较基线 0.6x,9755,5896,15651,0.6233,0.3767,0.6044,0.503,0.59,CALL,0.7098,,2
2026-06-03,US.MP,CALL,32.42,CALL 占比 54%; CALL 较基线 0.6x; 总量较基线 0.9x,12753,10857,23610,0.5402,0.4598,0.8513,0.644,0.944,CALL,0.7802,,5
2026-06-03,US.IGV,CALL,32.33,CALL 占比 60%; CALL 较基线 0.6x; 总量较基线 0.5x,85988,57498,143486,0.5993,0.4007,0.6687,0.638,0.543,CALL,0.6293,,5
2026-06-03,US.DELL,CALL,32.29,CALL 占比 65%; CALL 较基线 0.4x; 总量较基线 0.5x,37579,19810,57389,0.6548,0.3452,0.5272,0.414,0.464,CALL,0.6889,,5
2026-06-03,US.QQQ,PUT,32.15,PUT 占比 57%; PUT 较基线 0.7x; 总量较基线 0.6x,493247,644796,1138043,0.4334,0.5666,1.3072,0.718,0.624,PUT,0.5295,,5
2026-06-03,US.INTU,CALL,32.05,CALL 占比 60%; CALL 较基线 0.6x; 总量较基线 0.6x,7112,4647,11759,0.6048,0.3952,0.6534,0.562,0.561,CALL,0.5881,,4
2026-06-03,US.DDOG,CALL,31.53,CALL 占比 59%; CALL 较基线 0.6x; 总量较基线 0.6x,10105,7119,17224,0.5867,0.4133,0.7045,0.585,0.565,CALL,0.5692,,4
2026-06-03,US.SPY,PUT,31.22,PUT 占比 56%; PUT 较基线 0.7x; 总量较基线 0.6x,759795,954908,1714703,0.4431,0.5569,1.2568,0.661,0.609,PUT,0.5515,,5
2026-06-03,US.NET,CALL,31.21,CALL 占比 65%; CALL 较基线 0.3x; 总量较基线 0.4x,7818,4149,11967,0.6533,0.3467,0.5307,0.343,0.388,CALL,0.7221,,5
2026-06-03,US.SVIX,PUT,31.12,PUT 占比 55%; PUT 较基线 0.7x; 总量较基线 0.6x,1559,1915,3474,0.4488,0.5512,1.2284,0.651,0.643,PUT,0.5809,,5
2026-06-03,US.PDD,CALL,30.43,CALL 占比 62%; CALL 较基线 0.4x; 总量较基线 0.4x,24130,14695,38825,0.6215,0.3785,0.609,0.421,0.368,CALL,0.6088,,5
2026-06-03,US.SNOW,CALL,30.16,CALL 占比 64%; CALL 较基线 0.3x; 总量较基线 0.4x,29608,16320,45928,0.6447,0.3553,0.5512,0.28,0.355,CALL,0.7953,,4
2026-06-03,US.CRCL,CALL,30.15,CALL 占比 51%; CALL 较基线 0.6x; 总量较基线 0.8x,29349,27645,56994,0.5149,0.4851,0.9419,0.571,0.831,CALL,0.7441,,5
2026-06-03,US.UPST,CALL,30.06,CALL 占比 56%; CALL 较基线 0.5x; 总量较基线 0.6x,8622,6913,15535,0.555,0.445,0.8018,0.5,0.643,CALL,0.7166,,5
2026-06-03,US.CRM,CALL,30.04,CALL 占比 63%; CALL 较基线 0.3x; 总量较基线 0.4x,40177,23568,63745,0.6303,0.3697,0.5866,0.308,0.394,CALL,0.7785,,4
2026-06-03,US.NBIS,PUT,29.9,PUT 占比 52%; PUT 较基线 0.7x; 总量较基线 0.5x,34232,36762,70994,0.4822,0.5178,1.0739,0.742,0.542,CALL,0.3845,,5
2026-06-03,US.ADSK,CALL,29.07,CALL 占比 64%; CALL 较基线 0.3x; 总量较基线 0.2x,1511,858,2369,0.6378,0.3622,0.5678,0.303,0.19,PUT,0.44,,4
2026-06-03,US.GEV,CALL,28.47,CALL 占比 51%; CALL 较基线 0.7x; 总量较基线 0.5x,2919,2780,5699,0.5122,0.4878,0.9524,0.654,0.459,PUT,0.3752,,5
2026-06-03,US.GEMI,CALL,28.07,CALL 占比 51%; CALL 较基线 0.5x; 总量较基线 0.6x,1424,1345,2769,0.5143,0.4857,0.9445,0.488,0.6,CALL,0.6229,,5
2026-06-03,US.EWT,PUT,27.26,PUT 占比 54%; PUT 较基线 0.6x; 总量较基线 0.2x,1041,1208,2249,0.4629,0.5371,1.1604,0.596,0.169,CALL,0.172,,5
2026-06-03,US.TIGR,CALL,25.32,CALL 占比 52%; CALL 较基线 0.4x; 总量较基线 0.3x,4774,4405,9179,0.5201,0.4799,0.9227,0.372,0.256,PUT,0.4257,,5
2026-06-03,US.WDAY,CALL,24.79,CALL 占比 52%; CALL 较基线 0.3x; 总量较基线 0.4x,3037,2845,5882,0.5163,0.4837,0.9368,0.254,0.351,CALL,0.7063,,4
2026-06-02,US.COHR,CALL,69.88,"CALL 占比 68%; CALL 较基线 3.0x; 总量较基线 1.8x; 方向反转 PUT->CALL, 占比提升 27%",22193,10479,32672,0.6793,0.3207,0.4722,2.966,1.827,PUT,0.4123,8.01,4
2026-06-02,US.OKLO,CALL,68.83,CALL 占比 87%; CALL 较基线 2.6x; 总量较基线 2.2x,148669,21993,170662,0.8711,0.1289,0.1479,2.595,2.204,CALL,0.7629,,4
2026-06-02,US.MRVL,CALL,65.32,CALL 占比 85%; CALL 较基线 2.4x; 总量较基线 2.0x,344043,59984,404027,0.8515,0.1485,0.1744,2.418,1.986,CALL,0.7172,,4
2026-06-02,US.FCX,CALL,64.93,CALL 占比 69%; CALL 较基线 2.7x; 总量较基线 2.7x,81250,37272,118522,0.6855,0.3145,0.4587,2.671,2.69,CALL,0.6941,,4
2026-06-02,US.BABA,CALL,61.57,CALL 占比 87%; CALL 较基线 2.0x; 总量较基线 1.7x,135144,19602,154746,0.8733,0.1267,0.145,2.04,1.72,CALL,0.7344,,4
2026-06-02,US.OPEN,CALL,58.36,CALL 占比 95%; CALL 较基线 1.5x; 总量较基线 1.4x,256926,12488,269414,0.9536,0.0464,0.0486,1.489,1.383,CALL,0.8863,,4
2026-06-02,US.MSTR,PUT,58.35,"PUT 占比 70%; PUT 较基线 1.9x; 总量较基线 0.9x; 方向反转 CALL->PUT, 占比提升 34%",93735,216637,310372,0.302,0.698,2.3112,1.881,0.88,CALL,0.3615,10.1,4
2026-06-02,US.GOOGL,CALL,58.09,CALL 占比 65%; CALL 较基线 2.2x; 总量较基线 2.4x,300678,160182,460860,0.6524,0.3476,0.5327,2.188,2.414,CALL,0.7104,,4
2026-06-02,US.IBIT,PUT,57.98,PUT 占比 70%; PUT 较基线 2.5x; 总量较基线 1.6x,196736,460185,656921,0.2995,0.7005,2.3391,2.54,1.607,CALL,0.4659,,4
2026-06-02,US.YINN,CALL,57.85,CALL 占比 74%; CALL 较基线 2.2x; 总量较基线 1.8x,10654,3659,14313,0.7444,0.2556,0.3434,2.196,1.752,CALL,0.6058,,4
2026-06-02,US.PANW,CALL,56.24,CALL 占比 61%; CALL 较基线 2.1x; 总量较基线 2.5x,70985,45224,116209,0.6108,0.3892,0.6371,2.085,2.522,CALL,0.6975,,4
2026-06-02,US.AVGO,CALL,54.63,CALL 占比 83%; CALL 较基线 1.6x; 总量较基线 1.5x,185326,36826,222152,0.8342,0.1658,0.1987,1.551,1.477,CALL,0.7538,,4
2026-06-02,US.SBET,PUT,53.99,"PUT 占比 64%; PUT 较基线 1.5x; 总量较基线 0.5x; 方向反转 CALL->PUT, 占比提升 44%",5753,10415,16168,0.3558,0.6442,1.8104,1.495,0.517,CALL,0.2057,13.15,4
2026-06-02,US.TIGR,CALL,53.0,"CALL 占比 73%; CALL 较基线 1.2x; 总量较基线 0.5x; 方向反转 PUT->CALL, 占比提升 38%",14491,5333,19824,0.731,0.269,0.368,1.166,0.498,PUT,0.3494,11.45,4
2026-06-02,US.VEEV,CALL,52.56,CALL 占比 78%; CALL 较基线 1.6x; 总量较基线 1.4x,5699,1588,7287,0.7821,0.2179,0.2786,1.582,1.437,CALL,0.6314,,3
2026-06-02,US.NOK,CALL,52.3,CALL 占比 81%; 暂无历史基线,444609,106002,550611,0.8075,0.1925,0.2384,,,,,,0
2026-06-02,US.RBRK,CALL,52.0,CALL 占比 91%; CALL 较基线 1.1x; 总量较基线 1.1x,11321,1101,12422,0.9114,0.0886,0.0973,1.133,1.079,CALL,0.8579,,4
2026-06-02,US.HPE,CALL,51.84,CALL 占比 83%; CALL 较基线 1.4x; 总量较基线 1.3x,334126,66543,400669,0.8339,0.1661,0.1992,1.37,1.254,CALL,0.7628,,1
2026-06-02,US.GFS,CALL,51.68,CALL 占比 79%; 暂无历史基线,12267,3223,15490,0.7919,0.2081,0.2627,,,,,,0
2026-06-02,US.NVDA,CALL,51.25,CALL 占比 83%; CALL 较基线 1.3x; 总量较基线 1.3x,2251686,459745,2711431,0.8304,0.1696,0.2042,1.305,1.266,CALL,0.8129,,4
2026-06-02,US.INTC,CALL,50.87,CALL 占比 84%; CALL 较基线 1.3x; 总量较基线 1.1x,406675,79553,486228,0.8364,0.1636,0.1956,1.336,1.121,CALL,0.6985,,4
2026-06-02,US.VST,CALL,49.58,CALL 占比 77%; CALL 较基线 1.5x; 总量较基线 1.2x,18927,5547,24474,0.7734,0.2266,0.2931,1.455,1.168,CALL,0.6467,,4
2026-06-02,US.SOXS,CALL,48.91,CALL 占比 79%; CALL 较基线 1.2x; 总量较基线 1.2x,223201,57848,281049,0.7942,0.2058,0.2592,1.213,1.239,CALL,0.8135,,4
2026-06-02,US.AAPL,CALL,48.64,CALL 占比 78%; CALL 较基线 1.2x; 总量较基线 1.3x,659695,188266,847961,0.778,0.222,0.2854,1.236,1.271,CALL,0.7822,,4
2026-06-02,US.ASX,CALL,48.13,CALL 占比 86%; CALL 较基线 1.0x; 总量较基线 1.0x,7219,1198,8417,0.8577,0.1423,0.166,0.964,1.018,CALL,0.8786,,4
2026-06-02,US.MP,CALL,47.71,CALL 占比 86%; CALL 较基线 1.0x; 总量较基线 0.9x,19814,3316,23130,0.8566,0.1434,0.1674,1.0,0.908,CALL,0.7611,,4
2026-06-02,US.LITE,CALL,46.51,CALL 占比 76%; CALL 较基线 1.3x; 总量较基线 1.0x,17241,5572,22813,0.7558,0.2442,0.3232,1.281,1.005,CALL,0.5901,,4
2026-06-02,US.JD,CALL,46.25,CALL 占比 65%; CALL 较基线 1.4x; 总量较基线 1.5x,37081,19723,56804,0.6528,0.3472,0.5319,1.372,1.527,CALL,0.7265,,4
2026-06-02,US.SVIX,PUT,46.21,PUT 占比 79%; PUT 较基线 1.2x; 总量较基线 0.8x,947,3500,4447,0.213,0.787,3.6959,1.25,0.789,PUT,0.5294,,4
2026-06-02,US.IREN,CALL,45.72,CALL 占比 85%; CALL 较基线 0.9x; 总量较基线 0.7x,233578,40245,273823,0.853,0.147,0.1723,0.91,0.72,CALL,0.6836,,4
2026-06-02,US.CRWV,CALL,45.3,CALL 占比 87%; CALL 较基线 0.8x; 总量较基线 0.7x,140958,20642,161600,0.8723,0.1277,0.1464,0.784,0.689,CALL,0.7126,,4
2026-06-02,US.AEHR,CALL,45.13,CALL 占比 63%; 暂无历史基线,5950,3522,9472,0.6282,0.3718,0.5919,,,,,,0
2026-06-02,US.SQQQ,CALL,44.88,CALL 占比 85%; CALL 较基线 0.8x; 总量较基线 0.7x,42997,7830,50827,0.8459,0.1541,0.1821,0.822,0.745,CALL,0.7714,,4
2026-06-02,US.META,CALL,44.68,CALL 占比 81%; CALL 较基线 0.9x; 总量较基线 0.9x,334727,78503,413230,0.81,0.19,0.2345,0.857,0.903,CALL,0.8547,,4
2026-06-02,US.ASML,CALL,44.34,CALL 占比 73%; CALL 较基线 1.1x; 总量较基线 1.0x,9337,3427,12764,0.7315,0.2685,0.367,1.141,0.993,CALL,0.6285,,4
2026-06-02,US.CBRS,CALL,44.29,CALL 占比 75%; CALL 较基线 1.1x; 总量较基线 0.9x,15650,5122,20772,0.7534,0.2466,0.3273,1.063,0.942,CALL,0.6591,,4
2026-06-02,US.MSFT,CALL,43.97,CALL 占比 87%; CALL 较基线 0.7x; 总量较基线 0.7x,460627,70646,531273,0.867,0.133,0.1534,0.653,0.678,CALL,0.8875,,4
2026-06-02,US.SMCI,CALL,43.75,CALL 占比 88%; CALL 较基线 0.6x; 总量较基线 0.6x,229713,32743,262456,0.8752,0.1248,0.1425,0.632,0.615,CALL,0.8158,,4
2026-06-02,US.EWT,CALL,43.58,CALL 占比 72%; CALL 较基线 1.0x; 总量较基线 1.2x,10972,4312,15284,0.7179,0.2821,0.393,0.965,1.191,CALL,0.8555,,4
2026-06-02,US.NOW,CALL,43.53,CALL 占比 85%; CALL 较基线 0.7x; 总量较基线 0.7x,162159,29684,191843,0.8453,0.1547,0.1831,0.696,0.691,CALL,0.8334,,4
2026-06-02,US.TWLO,CALL,43.44,CALL 占比 78%; CALL 较基线 0.9x; 总量较基线 0.9x,6327,1827,8154,0.7759,0.2241,0.2888,0.889,0.881,CALL,0.7591,,4
2026-06-02,US.IBM,CALL,43.34,CALL 占比 85%; CALL 较基线 0.6x; 总量较基线 0.7x,88844,15277,104121,0.8533,0.1467,0.172,0.646,0.673,CALL,0.8822,,4
2026-06-02,US.SAP,CALL,42.91,CALL 占比 84%; CALL 较基线 0.7x; 总量较基线 0.7x,4691,903,5594,0.8386,0.1614,0.1925,0.673,0.664,CALL,0.7861,,3
2026-06-02,US.BMNR,CALL,42.89,CALL 占比 72%; CALL 较基线 1.0x; 总量较基线 1.0x,94759,37444,132203,0.7168,0.2832,0.3951,1.043,0.978,CALL,0.6777,,4
2026-06-02,US.SOFI,CALL,42.59,CALL 占比 84%; CALL 较基线 0.6x; 总量较基线 0.6x,256294,47949,304243,0.8424,0.1576,0.1871,0.638,0.632,CALL,0.8256,,4
2026-06-02,US.SCO,PUT,42.21,PUT 占比 53%; PUT 较基线 1.7x; 总量较基线 1.3x,2495,2856,5351,0.4663,0.5337,1.1447,1.663,1.259,CALL,0.1902,,4
2026-06-02,US.GDS,CALL,41.29,CALL 占比 95%; CALL 较基线 0.2x; 总量较基线 0.2x,832,44,876,0.9498,0.0502,0.0529,0.239,0.232,CALL,0.7847,,4
2026-06-02,US.QCOM,CALL,41.21,CALL 占比 79%; CALL 较基线 0.7x; 总量较基线 0.7x,74044,19944,93988,0.7878,0.2122,0.2694,0.688,0.7,CALL,0.807,,4
2026-06-02,US.RDDT,CALL,40.91,CALL 占比 81%; CALL 较基线 0.6x; 总量较基线 0.6x,26977,6239,33216,0.8122,0.1878,0.2313,0.586,0.623,CALL,0.8619,,4
2026-06-02,US.APLD,CALL,40.8,CALL 占比 83%; CALL 较基线 0.6x; 总量较基线 0.5x,38613,7968,46581,0.8289,0.1711,0.2064,0.555,0.534,CALL,0.7984,,4
2026-06-02,US.HOOD,CALL,40.7,CALL 占比 85%; CALL 较基线 0.5x; 总量较基线 0.5x,189313,34485,223798,0.8459,0.1541,0.1822,0.491,0.49,CALL,0.8249,,4
2026-06-02,US.NET,CALL,40.24,CALL 占比 83%; CALL 较基线 0.5x; 总量较基线 0.5x,13041,2579,15620,0.8349,0.1651,0.1978,0.517,0.451,CALL,0.694,,4
2026-06-02,US.CRCL,CALL,40.17,CALL 占比 71%; CALL 较基线 0.8x; 总量较基线 0.9x,44013,18370,62383,0.7055,0.2945,0.4174,0.827,0.889,CALL,0.7537,,4
2026-06-02,US.SOUN,CALL,40.15,CALL 占比 84%; CALL 较基线 0.5x; 总量较基线 0.5x,56217,10763,66980,0.8393,0.1607,0.1915,0.46,0.484,CALL,0.8549,,4
2026-06-02,US.RXRX,CALL,39.99,CALL 占比 90%; CALL 较基线 0.3x; 总量较基线 0.3x,19203,2227,21430,0.8961,0.1039,0.116,0.286,0.309,CALL,0.9598,,4
2026-06-02,US.AMZN,CALL,39.28,CALL 占比 75%; CALL 较基线 0.6x; 总量较基线 0.7x,293344,98355,391699,0.7489,0.2511,0.3353,0.632,0.711,CALL,0.8377,,4
2026-06-02,US.UPST,CALL,39.22,CALL 占比 78%; CALL 较基线 0.6x; 总量较基线 0.5x,11240,3185,14425,0.7792,0.2208,0.2834,0.599,0.542,CALL,0.701,,4
2026-06-02,US.TSLA,CALL,39.15,CALL 占比 67%; CALL 较基线 0.9x; 总量较基线 0.9x,949597,464879,1414476,0.6713,0.3287,0.4896,0.872,0.888,CALL,0.6868,,4
2026-06-02,US.TMF,CALL,39.03,CALL 占比 75%; CALL 较基线 0.7x; 总量较基线 0.6x,7116,2343,9459,0.7523,0.2477,0.3293,0.695,0.562,CALL,0.6043,,4
2026-06-02,US.BBAI,CALL,38.83,CALL 占比 81%; CALL 较基线 0.4x; 总量较基线 0.5x,83295,18984,102279,0.8144,0.1856,0.2279,0.427,0.474,CALL,0.9065,,4
2026-06-02,US.PDD,CALL,38.7,CALL 占比 79%; CALL 较基线 0.6x; 总量较基线 0.4x,36434,9453,45887,0.794,0.206,0.2595,0.582,0.381,CALL,0.5625,,4
2026-06-02,US.DUOL,CALL,38.22,CALL 占比 62%; CALL 较基线 0.9x; 总量较基线 1.0x,3892,2357,6249,0.6228,0.3772,0.6056,0.918,0.994,CALL,0.6718,,4
2026-06-02,US.DJT,CALL,38.19,CALL 占比 80%; CALL 较基线 0.4x; 总量较基线 0.5x,12024,2998,15022,0.8004,0.1996,0.2493,0.433,0.451,CALL,0.8548,,4
2026-06-02,US.XOM,CALL,38.04,CALL 占比 76%; CALL 较基线 0.6x; 总量较基线 0.5x,20474,6517,26991,0.7585,0.2415,0.3183,0.576,0.515,CALL,0.6577,,4
2026-06-02,US.AMD,CALL,38.0,CALL 占比 76%; CALL 较基线 0.6x; 总量较基线 0.5x,95971,30778,126749,0.7572,0.2428,0.3207,0.589,0.5,CALL,0.6341,,4
2026-06-02,US.TEAM,CALL,37.55,CALL 占比 71%; CALL 较基线 0.6x; 总量较基线 0.7x,10298,4139,14437,0.7133,0.2867,0.4019,0.583,0.725,CALL,0.8861,,1
2026-06-02,US.SOXL,CALL,37.28,CALL 占比 59%; CALL 较基线 1.0x; 总量较基线 0.9x,43316,30330,73646,0.5882,0.4118,0.7002,1.042,0.903,CALL,0.5269,,4
2026-06-02,US.WDAY,CALL,37.22,CALL 占比 70%; CALL 较基线 0.6x; 总量较基线 0.7x,8503,3620,12123,0.7014,0.2986,0.4257,0.65,0.662,CALL,0.7079,,3
2026-06-02,US.INTU,CALL,36.82,CALL 占比 56%; CALL 较基线 1.0x; 总量较基线 1.1x,12468,9691,22159,0.5627,0.4373,0.7773,0.98,1.078,CALL,0.5966,,3
2026-06-02,US.CRWD,CALL,36.13,CALL 占比 67%; CALL 较基线 0.6x; 总量较基线 0.7x,12063,6004,18067,0.6677,0.3323,0.4977,0.632,0.728,CALL,0.7533,,3
2026-06-02,US.CRM,CALL,35.75,CALL 占比 72%; CALL 较基线 0.5x; 总量较基线 0.5x,71069,27929,98998,0.7179,0.2821,0.393,0.473,0.542,CALL,0.7988,,3
2026-06-02,US.IGV,CALL,35.6,CALL 占比 70%; CALL 较基线 0.6x; 总量较基线 0.4x,90875,38944,129819,0.7,0.3,0.4285,0.623,0.435,CALL,0.6117,,4
2026-06-02,US.PLTR,CALL,35.58,CALL 占比 72%; CALL 较基线 0.5x; 总量较基线 0.5x,271269,106066,377335,0.7189,0.2811,0.391,0.455,0.53,CALL,0.8256,,4
2026-06-02,US.DDOG,CALL,35.56,CALL 占比 67%; CALL 较基线 0.7x; 总量较基线 0.6x,12799,6332,19131,0.669,0.331,0.4947,0.681,0.558,CALL,0.5359,,3
2026-06-02,US.ORCL,CALL,34.96,CALL 占比 69%; CALL 较基线 0.5x; 总量较基线 0.6x,175427,78808,254235,0.69,0.31,0.4492,0.467,0.605,CALL,0.8563,,4
2026-06-02,US.CVX,CALL,34.9,CALL 占比 69%; CALL 较基线 0.5x; 总量较基线 0.5x,10960,4966,15926,0.6882,0.3118,0.4531,0.542,0.506,CALL,0.6465,,4
2026-06-02,US.SNOW,CALL,34.6,CALL 占比 75%; CALL 较基线 0.3x; 总量较基线 0.3x,39648,13099,52747,0.7517,0.2483,0.3304,0.311,0.341,CALL,0.8098,,3
2026-06-02,US.NBIS,CALL,34.54,CALL 占比 64%; CALL 较基线 0.7x; 总量较基线 0.6x,57470,32925,90395,0.6358,0.3642,0.5729,0.658,0.641,CALL,0.6105,,4
2026-06-02,US.LI,PUT,34.12,PUT 占比 52%; PUT 较基线 1.0x; 总量较基线 0.9x,5571,6074,11645,0.4784,0.5216,1.0903,0.99,0.889,CALL,0.4589,,4
2026-06-02,US.FUTU,PUT,33.95,PUT 占比 55%; PUT 较基线 0.9x; 总量较基线 0.9x,5599,6795,12394,0.4518,0.5482,1.2136,0.856,0.862,PUT,0.5519,,1
2026-06-02,US.GEMI,PUT,33.26,PUT 占比 51%; PUT 较基线 1.1x; 总量较基线 0.7x,1714,1788,3502,0.4894,0.5106,1.0432,1.068,0.715,CALL,0.3438,,4
2026-06-02,US.IWM,PUT,33.2,PUT 占比 68%; PUT 较基线 0.4x; 总量较基线 0.4x,129763,273617,403380,0.3217,0.6783,2.1086,0.423,0.448,PUT,0.7289,,4
2026-06-02,US.UVXY,CALL,33.17,CALL 占比 66%; CALL 较基线 0.5x; 总量较基线 0.5x,10059,5133,15192,0.6621,0.3379,0.5103,0.455,0.508,CALL,0.7483,,4
2026-06-02,US.TNA,PUT,32.66,PUT 占比 55%; PUT 较基线 0.8x; 总量较基线 0.8x,8310,10078,18388,0.4519,0.5481,1.2128,0.759,0.777,PUT,0.5658,,4
2026-06-02,US.DELL,CALL,32.09,CALL 占比 66%; CALL 较基线 0.4x; 总量较基线 0.4x,39028,19740,58768,0.6641,0.3359,0.5058,0.376,0.42,CALL,0.6952,,4
2026-06-02,US.TSM,CALL,31.62,CALL 占比 62%; CALL 较基线 0.5x; 总量较基线 0.5x,37875,22897,60772,0.6232,0.3768,0.6045,0.464,0.498,CALL,0.6646,,4
2026-06-02,US.MARA,CALL,31.3,CALL 占比 64%; CALL 较基线 0.4x; 总量较基线 0.5x,56650,31670,88320,0.6414,0.3586,0.559,0.363,0.457,CALL,0.7579,,4
2026-06-02,US.MDB,CALL,30.46,CALL 占比 67%; CALL 较基线 0.2x; 总量较基线 0.3x,7585,3698,11283,0.6723,0.3277,0.4875,0.243,0.27,CALL,0.7474,,1
2026-06-02,US.COIN,CALL,29.86,CALL 占比 56%; CALL 较基线 0.5x; 总量较基线 0.6x,45423,35499,80922,0.5613,0.4387,0.7815,0.481,0.594,CALL,0.6821,,4
2026-06-02,US.ADSK,CALL,28.65,CALL 占比 60%; CALL 较基线 0.4x; 总量较基线 0.2x,2244,1470,3714,0.6042,0.3958,0.6551,0.38,0.241,PUT,0.3853,,3
2026-06-02,US.MRNA,CALL,28.33,CALL 占比 59%; CALL 较基线 0.3x; 总量较基线 0.4x,8976,6152,15128,0.5933,0.4067,0.6854,0.281,0.393,CALL,0.7258,,4
2026-06-02,US.QQQ,CALL,27.94,CALL 占比 53%; CALL 较基线 0.5x; 总量较基线 0.5x,510922,456616,967538,0.5281,0.4719,0.8937,0.496,0.474,PUT,0.4561,,4
2026-06-02,US.GEV,PUT,27.77,PUT 占比 53%; PUT 较基线 0.4x; 总量较基线 0.5x,3296,3766,7062,0.4667,0.5333,1.1426,0.419,0.514,PUT,0.6476,,4
2026-06-02,US.SPY,PUT,26.95,PUT 占比 53%; PUT 较基线 0.4x; 总量较基线 0.4x,627593,696701,1324294,0.4739,0.5261,1.1101,0.427,0.415,PUT,0.5578,,4
2026-06-01,US.TWLO,CALL,99.72,CALL 占比 78%; CALL 较基线 5.0x; 总量较基线 4.8x,17750,5025,22775,0.7794,0.2206,0.2831,4.967,4.801,CALL,0.7524,,3
2026-06-01,US.MANH,CALL,90.9,CALL 占比 91%; CALL 较基线 5.9x; 总量较基线 2.4x,217,21,238,0.9118,0.0882,0.0968,5.945,2.404,PUT,0.3609,,2
2026-06-01,US.VEEV,CALL,84.35,CALL 占比 75%; CALL 较基线 4.1x; 总量较基线 3.6x,7282,2482,9764,0.7458,0.2542,0.3408,4.129,3.581,CALL,0.5741,,2
2026-06-01,US.SCO,CALL,83.28,CALL 占比 53%; CALL 较基线 4.0x; 总量较基线 5.3x,5785,5054,10839,0.5337,0.4663,0.8736,3.991,5.276,CALL,0.2352,,3
2026-06-01,US.SAP,CALL,77.15,CALL 占比 89%; CALL 较基线 3.2x; 总量较基线 2.7x,12862,1663,14525,0.8855,0.1145,0.1293,3.193,2.698,CALL,0.7365,,2
2026-06-01,US.GWRE,CALL,75.77,CALL 占比 71%; CALL 较基线 3.3x; 总量较基线 3.6x,1449,591,2040,0.7103,0.2897,0.4079,3.256,3.551,CALL,0.7817,,2
2026-06-01,US.NET,CALL,75.32,CALL 占比 71%; CALL 较基线 3.3x; 总量较基线 3.5x,52644,21470,74114,0.7103,0.2897,0.4078,3.273,3.454,CALL,0.6885,,3
2026-06-01,US.CRWV,CALL,72.89,CALL 占比 92%; CALL 较基线 2.9x; 总量较基线 2.1x,355585,30926,386511,0.92,0.08,0.087,2.936,2.1,CALL,0.6434,,3
2026-06-01,US.MP,CALL,61.75,CALL 占比 81%; CALL 较基线 2.2x; 总量较基线 2.0x,33127,7641,40768,0.8126,0.1874,0.2307,2.155,2.002,CALL,0.7439,,3
2026-06-01,US.CLBT,CALL,60.82,CALL 占比 89%; CALL 较基线 2.0x; 总量较基线 1.6x,1147,139,1286,0.8919,0.1081,0.1212,1.974,1.558,CALL,0.6895,,3
2026-06-01,US.AIFC,CALL,57.93,CALL 占比 100%; CALL 较基线 1.3x; 总量较基线 1.2x,368,0,368,1.0,0.0,0.0,1.314,1.236,CALL,0.9404,,3
2026-06-01,US.AMZN,CALL,57.4,CALL 占比 87%; CALL 较基线 1.6x; 总量较基线 1.6x,657199,96540,753739,0.8719,0.1281,0.1469,1.646,1.56,CALL,0.8263,,3
2026-06-01,US.SBET,CALL,56.48,CALL 占比 89%; CALL 较基线 1.6x; 总量较基线 1.3x,34134,4376,38510,0.8864,0.1136,0.1282,1.626,1.336,CALL,0.7636,,3
2026-06-01,US.RBRK,CALL,56.05,CALL 占比 89%; CALL 较基线 1.5x; 总量较基线 1.4x,13182,1570,14752,0.8936,0.1064,0.1191,1.477,1.415,CALL,0.846,,3
2026-06-01,US.ORCL,CALL,55.96,CALL 占比 90%; CALL 较基线 1.4x; 总量较基线 1.4x,486437,55028,541465,0.8984,0.1016,0.1131,1.435,1.424,CALL,0.8423,,3
2026-06-01,US.XOM,CALL,55.66,CALL 占比 80%; CALL 较基线 1.9x; 总量较基线 1.5x,54635,13689,68324,0.7996,0.2004,0.2506,1.87,1.453,CALL,0.6104,,3
2026-06-01,US.INTU,CALL,55.59,CALL 占比 76%; CALL 较基线 2.1x; 总量较基线 1.4x,19461,6106,25567,0.7612,0.2388,0.3138,2.08,1.417,CALL,0.5143,,2
2026-06-01,US.TEAM,CALL,55.44,CALL 占比 89%; 暂无历史基线,17651,2268,19919,0.8861,0.1139,0.1285,,,,,,0
2026-06-01,US.TSM,CALL,54.85,CALL 占比 75%; CALL 较基线 1.9x; 总量较基线 1.6x,127318,43143,170461,0.7469,0.2531,0.3389,1.917,1.608,CALL,0.6371,,3
2026-06-01,US.RDDT,CALL,54.17,CALL 占比 93%; CALL 较基线 1.3x; 总量较基线 1.2x,54887,4352,59239,0.9265,0.0735,0.0793,1.274,1.153,CALL,0.8404,,3
2026-06-01,US.CRM,CALL,54.02,CALL 占比 89%; CALL 较基线 1.4x; 总量较基线 1.2x,185453,24038,209491,0.8853,0.1147,0.1296,1.397,1.238,CALL,0.7555,,2
2026-06-01,US.IBM,CALL,53.67,CALL 占比 87%; CALL 较基线 1.3x; 总量较基线 1.4x,169395,25993,195388,0.867,0.133,0.1534,1.336,1.384,CALL,0.8873,,3
2026-06-01,US.KC,CALL,53.56,CALL 占比 96%; CALL 较基线 1.1x; 总量较基线 1.0x,1602,66,1668,0.9604,0.0396,0.0412,1.112,1.042,CALL,0.9039,,3
2026-06-01,US.DUOL,CALL,52.84,CALL 占比 66%; CALL 较基线 1.9x; 总量较基线 1.9x,6488,3316,9804,0.6618,0.3382,0.5111,1.858,1.917,CALL,0.6751,,3
2026-06-01,US.DDOG,CALL,52.5,CALL 占比 54%; CALL 较基线 2.2x; 总量较基线 2.2x,29375,24981,54356,0.5404,0.4596,0.8504,2.178,2.244,CALL,0.5337,,2
2026-06-01,US.OPEN,CALL,51.84,CALL 占比 88%; CALL 较基线 1.2x; 总量较基线 1.2x,195355,26760,222115,0.8795,0.1205,0.137,1.185,1.197,CALL,0.8886,,3
2026-06-01,US.OKLO,CALL,50.85,CALL 占比 89%; CALL 较基线 1.2x; 总量较基线 0.9x,65544,8067,73611,0.8904,0.1096,0.1231,1.202,0.936,CALL,0.7204,,3
2026-06-01,US.ASML,CALL,50.75,CALL 占比 77%; CALL 较基线 1.6x; 总量较基线 1.2x,11386,3486,14872,0.7656,0.2344,0.3062,1.6,1.221,CALL,0.5828,,3
2026-06-01,US.IGV,CALL,50.58,CALL 占比 72%; CALL 较基线 1.9x; 总量较基线 1.1x,227140,88432,315572,0.7198,0.2802,0.3893,1.913,1.08,CALL,0.5756,,3
2026-06-01,US.HPE,CALL,50.51,CALL 占比 76%; 暂无历史基线,243820,75816,319636,0.7628,0.2372,0.311,,,,,,0
2026-06-01,US.MSFT,CALL,50.25,CALL 占比 96%; CALL 较基线 0.9x; 总量较基线 0.8x,639489,27238,666727,0.9591,0.0409,0.0426,0.879,0.81,CALL,0.8637,,3
2026-06-01,US.MDB,CALL,49.9,CALL 占比 75%; 暂无历史基线,31216,10550,41766,0.7474,0.2526,0.338,,,,,,0
2026-06-01,US.BABA,CALL,49.88,CALL 占比 80%; CALL 较基线 1.3x; 总量较基线 1.2x,81583,20006,101589,0.8031,0.1969,0.2452,1.334,1.18,CALL,0.7115,,3
2026-06-01,US.NOW,CALL,48.42,CALL 占比 79%; CALL 较基线 1.2x; 总量较基线 1.2x,258660,67665,326325,0.7926,0.2074,0.2616,1.152,1.249,CALL,0.8469,,3
2026-06-01,US.REMX,PUT,48.27,PUT 占比 69%; PUT 较基线 2.0x; 总量较基线 0.8x,134,297,431,0.3109,0.6891,2.2164,1.958,0.84,CALL,0.3472,,3
2026-06-01,US.DJT,CALL,47.92,CALL 占比 92%; CALL 较基线 0.8x; 总量较基线 0.7x,24242,2128,26370,0.9193,0.0807,0.0878,0.838,0.74,CALL,0.8333,,3
2026-06-01,US.SOUN,CALL,47.82,CALL 占比 85%; CALL 较基线 1.0x; 总量较基线 1.0x,118451,20382,138833,0.8532,0.1468,0.1721,0.959,1.004,CALL,0.8555,,3
2026-06-01,US.CRWD,CALL,47.23,CALL 占比 81%; CALL 较基线 1.1x; 总量较基线 1.0x,20187,4650,24837,0.8128,0.1872,0.2303,1.088,1.002,CALL,0.7235,,2
2026-06-01,US.BBAI,CALL,46.8,CALL 占比 90%; CALL 较基线 0.8x; 总量较基线 0.8x,160269,18251,178520,0.8978,0.1022,0.1139,0.775,0.782,CALL,0.9094,,3
2026-06-01,US.PANW,CALL,46.74,CALL 占比 70%; CALL 较基线 1.3x; 总量较基线 1.4x,40851,17095,57946,0.705,0.295,0.4185,1.286,1.376,CALL,0.6949,,3
2026-06-01,US.WDAY,CALL,46.53,CALL 占比 71%; CALL 较基线 1.3x; 总量较基线 1.3x,15441,6452,21893,0.7053,0.2947,0.4178,1.296,1.325,CALL,0.7092,,2
2026-06-01,US.AVGO,CALL,46.12,CALL 占比 79%; CALL 较基线 1.0x; 总量较基线 1.0x,121712,31481,153193,0.7945,0.2055,0.2587,1.025,1.025,CALL,0.7403,,3
2026-06-01,US.PLTR,CALL,45.82,CALL 占比 86%; CALL 较基线 0.8x; 总量较基线 0.8x,515146,83837,598983,0.86,0.14,0.1627,0.828,0.799,CALL,0.8141,,3
2026-06-01,US.NVDA,CALL,45.64,CALL 占比 86%; CALL 较基线 0.8x; 总量较基线 0.8x,1487945,236760,1724705,0.8627,0.1373,0.1591,0.824,0.756,CALL,0.7963,,3
2026-06-01,US.META,CALL,45.49,CALL 占比 85%; CALL 较基线 0.8x; 总量较基线 0.8x,334689,58937,393626,0.8503,0.1497,0.1761,0.818,0.822,CALL,0.8562,,3
2026-06-01,US.SOFI,CALL,45.47,CALL 占比 87%; CALL 较基线 0.8x; 总量较基线 0.8x,334291,51566,385857,0.8664,0.1336,0.1543,0.788,0.752,CALL,0.812,,3
2026-06-01,US.CVX,CALL,45.26,CALL 占比 68%; CALL 较基线 1.3x; 总量较基线 1.2x,24989,11954,36943,0.6764,0.3236,0.4784,1.342,1.244,CALL,0.6365,,3
2026-06-01,US.IREN,CALL,45.17,CALL 占比 88%; CALL 较基线 0.8x; 总量较基线 0.6x,214994,28023,243017,0.8847,0.1153,0.1303,0.794,0.57,CALL,0.6166,,3
2026-06-01,US.RXRX,CALL,44.93,CALL 占比 92%; CALL 较基线 0.6x; 总量较基线 0.6x,42083,3508,45591,0.9231,0.0769,0.0834,0.558,0.589,CALL,0.972,,3
2026-06-01,US.YINN,CALL,44.03,CALL 占比 73%; CALL 较基线 1.2x; 总量较基线 0.9x,5523,2091,7614,0.7254,0.2746,0.3786,1.193,0.912,CALL,0.5659,,3
2026-06-01,US.SQQQ,CALL,43.98,CALL 占比 83%; CALL 较基线 0.8x; 总量较基线 0.7x,44289,9150,53439,0.8288,0.1712,0.2066,0.805,0.731,CALL,0.7523,,3
2026-06-01,US.TIGR,PUT,43.43,PUT 占比 64%; PUT 较基线 1.2x; 总量较基线 1.4x,18069,31702,49771,0.363,0.637,1.7545,1.221,1.363,PUT,0.6552,,3
2026-06-01,US.MRVL,CALL,42.98,CALL 占比 81%; CALL 较基线 0.8x; 总量较基线 0.7x,121866,28820,150686,0.8087,0.1913,0.2365,0.818,0.682,CALL,0.6868,,3
2026-06-01,US.UVXY,CALL,42.78,CALL 占比 79%; CALL 较基线 0.8x; 总量较基线 0.8x,19072,5048,24120,0.7907,0.2093,0.2647,0.826,0.757,CALL,0.7341,,3
2026-06-01,US.FUTU,PUT,42.08,PUT 占比 55%; 暂无历史基线,6443,7937,14380,0.4481,0.5519,1.2319,,,,,,0
2026-06-01,US.NBIS,CALL,41.96,CALL 占比 67%; CALL 较基线 1.1x; 总量较基线 1.0x,95211,45998,141209,0.6743,0.3257,0.4831,1.123,1.001,CALL,0.5892,,3
2026-06-01,US.SOXS,CALL,41.89,CALL 占比 81%; CALL 较基线 0.7x; 总量较基线 0.7x,135598,31854,167452,0.8098,0.1902,0.2349,0.678,0.679,CALL,0.8147,,3
2026-06-01,US.IWM,PUT,41.81,PUT 占比 77%; PUT 较基线 0.8x; 总量较基线 0.7x,161366,549451,710817,0.227,0.773,3.405,0.808,0.737,PUT,0.7142,,3
2026-06-01,US.MARA,CALL,41.72,CALL 占比 79%; CALL 较基线 0.7x; 总量较基线 0.7x,119182,31130,150312,0.7929,0.2071,0.2612,0.707,0.724,CALL,0.7463,,3
2026-06-01,US.LITE,CALL,41.69,CALL 占比 69%; CALL 较基线 1.1x; 总量较基线 0.9x,14280,6307,20587,0.6936,0.3064,0.4417,1.083,0.879,CALL,0.5556,,3
2026-06-01,US.QCOM,CALL,41.49,CALL 占比 76%; CALL 较基线 0.8x; 总量较基线 0.8x,86929,26718,113647,0.7649,0.2351,0.3074,0.758,0.805,CALL,0.821,,3
2026-06-01,US.HOOD,CALL,41.37,CALL 占比 83%; CALL 较基线 0.6x; 总量较基线 0.6x,250527,51832,302359,0.8286,0.1714,0.2069,0.581,0.595,CALL,0.8237,,3
2026-06-01,US.FICO,PUT,41.1,PUT 占比 57%; PUT 较基线 1.3x; 总量较基线 1.3x,476,643,1119,0.4254,0.5746,1.3508,1.271,1.324,PUT,0.5948,,2
2026-06-01,US.EWT,CALL,40.57,CALL 占比 85%; CALL 较基线 0.5x; 总量较基线 0.5x,6172,1129,7301,0.8454,0.1546,0.1829,0.471,0.498,CALL,0.8589,,3
2026-06-01,US.GEV,PUT,39.94,PUT 占比 69%; PUT 较基线 0.9x; 总量较基线 0.9x,3773,8361,12134,0.3109,0.6891,2.216,0.91,0.85,PUT,0.6338,,3
2026-06-01,US.VST,CALL,39.56,CALL 占比 67%; CALL 较基线 0.9x; 总量较基线 0.9x,12502,6145,18647,0.6705,0.3295,0.4915,0.949,0.858,CALL,0.6387,,3
2026-06-01,US.INTC,CALL,39.48,CALL 占比 64%; CALL 较基线 0.9x; 总量较基线 1.0x,288950,160415,449365,0.643,0.357,0.5552,0.934,1.049,CALL,0.717,,3
2026-06-01,US.FCX,CALL,39.47,CALL 占比 69%; CALL 较基线 0.9x; 总量较基线 0.9x,27055,12429,39484,0.6852,0.3148,0.4594,0.858,0.866,CALL,0.697,,3
2026-06-01,US.DELL,CALL,39.07,CALL 占比 77%; CALL 较基线 0.6x; 总量较基线 0.6x,69187,20590,89777,0.7707,0.2293,0.2976,0.6,0.573,CALL,0.67,,3
2026-06-01,US.GDS,CALL,38.84,CALL 占比 85%; CALL 较基线 0.3x; 总量较基线 0.4x,1401,250,1651,0.8486,0.1514,0.1784,0.336,0.368,CALL,0.7634,,3
2026-06-01,US.APLD,CALL,38.4,CALL 占比 73%; CALL 较基线 0.6x; 总量较基线 0.7x,48118,17818,65936,0.7298,0.2702,0.3703,0.628,0.699,CALL,0.8212,,3
2026-06-01,US.ASX,CALL,38.37,CALL 占比 83%; CALL 较基线 0.3x; 总量较基线 0.4x,3101,622,3723,0.8329,0.1671,0.2006,0.347,0.381,CALL,0.8939,,3
2026-06-01,US.UPST,CALL,38.19,CALL 占比 70%; CALL 较基线 0.7x; 总量较基线 0.7x,14470,6096,20566,0.7036,0.2964,0.4213,0.717,0.719,CALL,0.7001,,3
2026-06-01,US.JD,CALL,38.12,CALL 占比 69%; CALL 较基线 0.7x; 总量较基线 0.8x,21361,9774,31135,0.6861,0.3139,0.4576,0.739,0.794,CALL,0.74,,3
2026-06-01,US.SVIX,PUT,38.04,PUT 占比 51%; PUT 较基线 1.3x; 总量较基线 1.2x,3261,3357,6618,0.4927,0.5073,1.0294,1.284,1.246,PUT,0.5367,,3
2026-06-01,US.COHR,PUT,37.73,PUT 占比 54%; PUT 较基线 1.1x; 总量较基线 1.2x,9354,11131,20485,0.4566,0.5434,1.19,1.096,1.204,PUT,0.6025,,3
2026-06-01,US.TNA,PUT,37.63,PUT 占比 59%; PUT 较基线 1.0x; 总量较基线 1.0x,9691,13672,23363,0.4148,0.5852,1.4108,1.04,0.984,PUT,0.5594,,3
2026-06-01,US.CBRS,CALL,37.44,CALL 占比 62%; CALL 较基线 0.9x; 总量较基线 1.0x,13245,8222,21467,0.617,0.383,0.6208,0.871,0.965,CALL,0.6731,,3
2026-06-01,US.CRCL,CALL,37.36,CALL 占比 73%; CALL 较基线 0.6x; 总量较基线 0.6x,33868,12416,46284,0.7317,0.2683,0.3666,0.568,0.593,CALL,0.7611,,3
2026-06-01,US.PDD,CALL,36.54,CALL 占比 73%; CALL 较基线 0.6x; 总量较基线 0.4x,41473,14987,56460,0.7346,0.2654,0.3614,0.596,0.398,CALL,0.5052,,3
2026-06-01,US.BMNR,CALL,36.04,CALL 占比 61%; CALL 较基线 0.8x; 总量较基线 0.9x,75116,47522,122638,0.6125,0.3875,0.6326,0.782,0.88,CALL,0.6994,,3
2026-06-01,US.AAPL,CALL,35.64,CALL 占比 72%; CALL 较基线 0.5x; 总量较基线 0.5x,287180,112585,399765,0.7184,0.2816,0.392,0.466,0.529,CALL,0.8034,,3
2026-06-01,US.SNOW,CALL,35.24,CALL 占比 74%; CALL 较基线 0.4x; 总量较基线 0.4x,62416,22393,84809,0.736,0.264,0.3588,0.389,0.447,CALL,0.8468,,2
2026-06-01,US.SMCI,CALL,33.68,CALL 占比 68%; CALL 较基线 0.4x; 总量较基线 0.5x,176623,83911,260534,0.6779,0.3221,0.4751,0.415,0.54,CALL,0.8618,,3
2026-06-01,US.TSLA,CALL,33.62,CALL 占比 67%; CALL 较基线 0.5x; 总量较基线 0.5x,611802,305642,917444,0.6669,0.3331,0.4996,0.49,0.505,CALL,0.6935,,3
2026-06-01,US.GOOGL,CALL,33.61,CALL 占比 66%; CALL 较基线 0.5x; 总量较基线 0.5x,76079,38394,114473,0.6646,0.3354,0.5047,0.482,0.529,CALL,0.7256,,3
2026-06-01,US.ADSK,PUT,33.32,PUT 占比 64%; PUT 较基线 0.6x; 总量较基线 0.6x,3637,6345,9982,0.3644,0.6356,1.7446,0.574,0.552,PUT,0.6042,,2
2026-06-01,US.AMD,CALL,32.87,CALL 占比 58%; CALL 较基线 0.7x; 总量较基线 0.8x,117581,86409,203990,0.5764,0.4236,0.7349,0.66,0.756,CALL,0.6533,,3
2026-06-01,US.COIN,CALL,32.29,CALL 占比 66%; CALL 较基线 0.4x; 总量较基线 0.5x,46619,24507,71126,0.6554,0.3446,0.5257,0.422,0.45,CALL,0.6909,,3
2026-06-01,US.GEMI,CALL,32.13,CALL 占比 61%; CALL 较基线 0.5x; 总量较基线 0.6x,1956,1264,3220,0.6075,0.3925,0.6462,0.537,0.59,CALL,0.6725,,3
2026-06-01,US.LI,CALL,32.13,CALL 占比 56%; CALL 较基线 0.7x; 总量较基线 0.7x,5382,4256,9638,0.5584,0.4416,0.7908,0.717,0.676,CALL,0.5353,,3
2026-06-01,US.IBIT,PUT,31.37,PUT 占比 53%; PUT 较基线 0.8x; 总量较基线 0.6x,132198,150677,282875,0.4673,0.5327,1.1398,0.787,0.628,CALL,0.4437,,3
2026-06-01,US.TMF,CALL,31.03,CALL 占比 53%; CALL 较基线 0.7x; 总量较基线 0.8x,7333,6565,13898,0.5276,0.4724,0.8953,0.655,0.781,CALL,0.6298,,3
2026-06-01,US.MRNA,CALL,29.32,CALL 占比 60%; CALL 较基线 0.3x; 总量较基线 0.5x,12410,8321,20731,0.5986,0.4014,0.6705,0.322,0.466,CALL,0.7683,,3
2026-06-01,US.SOXL,PUT,28.75,PUT 占比 50%; PUT 较基线 0.6x; 总量较基线 0.6x,26880,27399,54279,0.4952,0.5048,1.0193,0.621,0.599,CALL,0.4625,,3
2026-06-01,US.QQQ,PUT,28.58,PUT 占比 56%; PUT 较基线 0.5x; 总量较基线 0.4x,437413,551148,988561,0.4425,0.5575,1.26,0.475,0.414,PUT,0.5394,,3
2026-06-01,US.SPY,PUT,28.5,PUT 占比 55%; PUT 较基线 0.5x; 总量较基线 0.4x,707506,881228,1588734,0.4453,0.5547,1.2455,0.469,0.427,PUT,0.5588,,3
2026-06-01,US.MSTR,CALL,26.81,CALL 占比 55%; CALL 较基线 0.3x; 总量较基线 0.4x,86902,70069,156971,0.5536,0.4464,0.8063,0.302,0.376,CALL,0.6668,,3
2026-06-01,US.XYF,NONE,0,暂无期权成交,0,0,0,0.0,0.0,0.0,,,,,,3
2026-05-29,US.GDS,CALL,108.92,CALL 占比 97%; CALL 较基线 14.4x; 总量较基线 10.5x,11000,305,11305,0.973,0.027,0.0277,14.417,10.472,CALL,0.6586,,2
2026-05-29,US.MRNA,CALL,106.82,CALL 占比 92%; CALL 较基线 9.1x; 总量较基线 6.7x,94670,8190,102860,0.9204,0.0796,0.0865,9.077,6.749,CALL,0.6922,,2
2026-05-29,US.IGV,PUT,105.4,"PUT 占比 64%; PUT 较基线 21.9x; 总量较基线 11.2x; 方向反转 CALL->PUT, 占比提升 33%",267155,477166,744321,0.3589,0.6411,1.7861,21.891,11.226,CALL,0.316,9.75,2
2026-05-29,US.SCO,CALL,98.22,CALL 占比 71%; CALL 较基线 4348.0x; 总量较基线 6163.0x,4348,1815,6163,0.7055,0.2945,0.4174,4348.0,6163.0,CALL,0.0,,2
2026-05-29,US.DELL,CALL,93.83,CALL 占比 79%; CALL 较基线 4.8x; 总量较基线 3.9x,244845,66633,311478,0.7861,0.2139,0.2721,4.85,3.932,CALL,0.6119,,2
2026-05-29,US.PANW,CALL,90.19,CALL 占比 84%; CALL 较基线 4.6x; 总量较基线 3.3x,66350,12415,78765,0.8424,0.1576,0.1871,4.579,3.31,CALL,0.6212,,2
2026-05-29,US.MARA,CALL,86.54,CALL 占比 89%; CALL 较基线 4.0x; 总量较基线 3.1x,337605,43051,380656,0.8869,0.1131,0.1275,4.024,3.145,CALL,0.676,,2
2026-05-29,US.VEEV,CALL,84.24,CALL 占比 73%; CALL 较基线 4.8x; 总量较基线 2.8x,2920,1085,4005,0.7291,0.2709,0.3716,4.811,2.766,PUT,0.4192,,1
2026-05-29,US.SPY,CALL,82.77,CALL 占比 56%; CALL 较基线 5.0x; 总量较基线 3.4x,3943741,3080957,7024698,0.5614,0.4386,0.7812,4.995,3.393,PUT,0.381,,2
2026-05-29,US.IBM,CALL,82.49,CALL 占比 89%; CALL 较基线 3.3x; 总量较基线 3.4x,237374,28144,265518,0.894,0.106,0.1186,3.32,3.362,CALL,0.884,,2
2026-05-29,US.SOUN,CALL,81.04,CALL 占比 93%; CALL 较基线 3.3x; 总量较基线 3.0x,229858,18617,248475,0.9251,0.0749,0.081,3.267,2.984,CALL,0.8206,,2
2026-05-29,US.QQQ,CALL,80.07,CALL 占比 59%; CALL 较基线 4.7x; 总量较基线 3.2x,2583090,1820242,4403332,0.5866,0.4134,0.7047,4.688,3.185,PUT,0.3976,,2
2026-05-29,US.AVGO,CALL,79.43,CALL 占比 92%; CALL 较基线 3.5x; 总量较基线 2.5x,226802,20779,247581,0.9161,0.0839,0.0916,3.501,2.463,CALL,0.6523,,2
2026-05-29,US.TIGR,PUT,78.69,PUT 占比 81%; PUT 较基线 3.8x; 总量较基线 2.7x,12271,50878,63149,0.1943,0.8057,4.1462,3.766,2.722,PUT,0.5799,,2
2026-05-29,US.DJT,CALL,75.49,CALL 占比 78%; CALL 较基线 3.0x; 总量较基线 3.3x,52250,14499,66749,0.7828,0.2172,0.2775,3.029,3.324,CALL,0.8586,,2
2026-05-29,US.WDAY,CALL,72.42,CALL 占比 73%; CALL 较基线 3.2x; 总量较基线 3.0x,18111,6600,24711,0.7329,0.2671,0.3644,3.166,2.962,CALL,0.6856,,1
2026-05-29,US.ORCL,CALL,70.6,CALL 占比 93%; CALL 较基线 2.5x; 总量较基线 2.3x,562881,41429,604310,0.9314,0.0686,0.0736,2.478,2.254,CALL,0.7977,,2
2026-05-29,US.CLBT,CALL,68.54,CALL 占比 97%; CALL 较基线 2.7x; 总量较基线 1.4x,995,32,1027,0.9688,0.0312,0.0322,2.66,1.418,CALL,0.5499,,2
2026-05-29,US.MSFT,CALL,67.03,CALL 占比 90%; CALL 较基线 2.2x; 总量较基线 2.2x,1155737,124034,1279771,0.9031,0.0969,0.1073,2.249,2.153,CALL,0.844,,2
2026-05-29,US.SMCI,CALL,67.0,CALL 占比 91%; CALL 较基线 2.2x; 总量较基线 2.1x,675472,66594,742066,0.9103,0.0897,0.0986,2.243,2.107,CALL,0.8376,,2
2026-05-29,US.SAP,CALL,66.83,CALL 占比 76%; CALL 较基线 2.7x; 总量较基线 2.5x,5863,1810,7673,0.7641,0.2359,0.3087,2.674,2.48,CALL,0.7088,,1
2026-05-29,US.RBRK,CALL,66.81,CALL 占比 83%; CALL 较基线 2.3x; 总量较基线 2.5x,14407,2850,17257,0.8348,0.1652,0.1978,2.331,2.461,CALL,0.8516,,2
2026-05-29,US.NOW,CALL,66.62,CALL 占比 88%; CALL 较基线 2.3x; 总量较基线 2.2x,359614,48113,407727,0.882,0.118,0.1338,2.29,2.17,CALL,0.8294,,2
2026-05-29,US.SOFI,CALL,65.71,CALL 占比 86%; CALL 较基线 2.3x; 总量较基线 2.1x,682444,107610,790054,0.8638,0.1362,0.1577,2.314,2.107,CALL,0.7861,,2
2026-05-29,US.PLTR,CALL,65.7,CALL 占比 85%; CALL 较基线 2.3x; 总量较基线 2.2x,1001204,176484,1177688,0.8501,0.1499,0.1763,2.312,2.201,CALL,0.7961,,2
2026-05-29,US.GWRE,CALL,64.97,CALL 占比 77%; CALL 较基线 2.4x; 总量较基线 2.5x,629,193,822,0.7652,0.2348,0.3068,2.41,2.514,CALL,0.7982,,1
2026-05-29,US.INTU,CALL,64.09,"CALL 占比 70%; CALL 较基线 2.3x; 总量较基线 1.0x; 方向反转 PUT->CALL, 占比提升 38%",12998,5446,18444,0.7047,0.2953,0.419,2.276,1.046,PUT,0.3239,11.42,1
2026-05-29,US.DDOG,CALL,63.71,"CALL 占比 68%; CALL 较基线 2.4x; 总量较基线 1.4x; 方向反转 PUT->CALL, 占比提升 30%",19080,8902,27982,0.6819,0.3181,0.4666,2.418,1.367,PUT,0.3855,8.89,1
2026-05-29,US.CRM,CALL,62.8,CALL 占比 87%; CALL 较基线 2.3x; 总量较基线 1.6x,183799,26869,210668,0.8725,0.1275,0.1462,2.252,1.648,CALL,0.6385,,1
2026-05-29,US.ADSK,PUT,62.46,"PUT 占比 77%; PUT 较基线 1.9x; 总量较基线 1.1x; 方向反转 CALL->PUT, 占比提升 33%",4333,14494,18827,0.2301,0.7699,3.345,1.903,1.084,CALL,0.4385,9.94,1
2026-05-29,US.HOOD,CALL,61.31,CALL 占比 86%; CALL 较基线 1.9x; 总量较基线 1.9x,637569,104878,742447,0.8587,0.1413,0.1645,1.945,1.9,CALL,0.8062,,2
2026-05-29,US.AAPL,CALL,60.9,CALL 占比 86%; CALL 较基线 2.0x; 总量较基线 1.8x,919506,153459,1072965,0.857,0.143,0.1669,1.981,1.796,CALL,0.7767,,2
2026-05-29,US.CRWD,CALL,60.68,CALL 占比 82%; CALL 较基线 2.2x; 总量较基线 1.7x,25565,5691,31256,0.8179,0.1821,0.2226,2.217,1.705,CALL,0.6292,,1
2026-05-29,US.GOOGL,CALL,59.81,CALL 占比 75%; CALL 较基线 2.2x; 总量较基线 2.1x,247107,83644,330751,0.7471,0.2529,0.3385,2.183,2.077,CALL,0.7148,,2
2026-05-29,US.DUOL,CALL,58.84,CALL 占比 86%; CALL 较基线 2.1x; 总量较基线 1.4x,5309,891,6200,0.8563,0.1437,0.1678,2.056,1.357,CALL,0.5845,,2
2026-05-29,US.UPST,CALL,57.85,CALL 占比 77%; CALL 较基线 2.1x; 总量较基线 1.7x,30790,9137,39927,0.7712,0.2288,0.2968,2.071,1.739,CALL,0.6646,,2
2026-05-29,US.TWLO,CALL,57.51,CALL 占比 80%; CALL 较基线 1.9x; 总量较基线 1.7x,5234,1295,6529,0.8017,0.1983,0.2474,1.908,1.695,CALL,0.7278,,2
2026-05-29,US.CRCL,CALL,56.82,CALL 占比 77%; CALL 较基线 1.9x; 总量较基线 1.9x,86594,26428,113022,0.7662,0.2338,0.3052,1.873,1.865,CALL,0.7585,,2
2026-05-29,US.COHR,PUT,56.69,PUT 占比 59%; PUT 较基线 2.3x; 总量较基线 2.4x,11554,16405,27959,0.4132,0.5868,1.4199,2.335,2.423,PUT,0.6104,,2
2026-05-29,US.TSLA,CALL,56.44,CALL 占比 67%; CALL 较基线 2.1x; 总量较基线 2.2x,1905380,937199,2842579,0.6703,0.3297,0.4919,2.072,2.176,CALL,0.7051,,2
2026-05-29,US.BBAI,CALL,56.1,CALL 占比 90%; CALL 较基线 1.4x; 总量较基线 1.5x,258806,29116,287922,0.8989,0.1011,0.1125,1.43,1.45,CALL,0.9147,,2
2026-05-29,US.KC,CALL,55.49,CALL 占比 85%; CALL 较基线 1.5x; 总量较基线 1.6x,1834,336,2170,0.8452,0.1548,0.1832,1.474,1.648,CALL,0.9333,,2
2026-05-29,US.INTC,CALL,54.79,CALL 占比 76%; CALL 较基线 1.8x; 总量较基线 1.7x,441959,142891,584850,0.7557,0.2443,0.3233,1.817,1.671,CALL,0.6977,,2
2026-05-29,US.NET,CALL,54.39,CALL 占比 85%; CALL 较基线 1.6x; 总量较基线 1.3x,21303,3650,24953,0.8537,0.1463,0.1713,1.581,1.266,CALL,0.6059,,2
2026-05-29,US.IBIT,CALL,53.9,CALL 占比 66%; CALL 较基线 2.2x; 总量较基线 1.7x,406060,207108,613168,0.6622,0.3378,0.51,2.182,1.659,CALL,0.5033,,2
2026-05-29,US.NVDA,CALL,53.87,CALL 占比 77%; CALL 较基线 1.6x; 总量较基线 1.7x,2414967,714226,3129193,0.7718,0.2282,0.2957,1.61,1.686,CALL,0.8085,,2
2026-05-29,US.CRWV,CALL,53.06,CALL 占比 77%; CALL 较基线 1.8x; 总量较基线 1.3x,170593,50174,220767,0.7727,0.2273,0.2941,1.77,1.333,CALL,0.5787,,2
2026-05-29,US.SQQQ,CALL,50.49,CALL 占比 80%; CALL 较基线 1.4x; 总量较基线 1.3x,67448,17146,84594,0.7973,0.2027,0.2542,1.383,1.255,CALL,0.7298,,2
2026-05-29,US.QCOM,CALL,50.33,CALL 占比 88%; CALL 较基线 1.1x; 总量较基线 1.0x,124826,17168,141994,0.8791,0.1209,0.1375,1.14,1.009,CALL,0.7919,,2
2026-05-29,US.GEV,PUT,50.32,PUT 占比 70%; PUT 较基线 1.7x; 总量较基线 1.5x,5382,12639,18021,0.2987,0.7013,2.3484,1.694,1.453,PUT,0.6,,2
2026-05-29,US.AIFC,CALL,50.19,CALL 占比 93%; CALL 较基线 0.9x; 总量较基线 0.9x,265,20,285,0.9298,0.0702,0.0755,0.922,0.938,CALL,0.9457,,2
2026-05-29,US.EWT,CALL,49.68,CALL 占比 93%; CALL 较基线 0.9x; 总量较基线 0.9x,12313,918,13231,0.9306,0.0694,0.0746,0.912,0.86,CALL,0.8231,,2
2026-05-29,US.NBIS,CALL,48.92,CALL 占比 72%; CALL 较基线 1.6x; 总量较基线 1.2x,113940,44607,158547,0.7187,0.2813,0.3915,1.623,1.198,CALL,0.5244,,2
2026-05-29,US.RXRX,CALL,48.22,CALL 占比 95%; CALL 较基线 0.7x; 总量较基线 0.7x,60012,3253,63265,0.9486,0.0514,0.0542,0.722,0.749,CALL,0.9837,,2
2026-05-29,US.RDDT,CALL,48.04,CALL 占比 88%; CALL 较基线 0.9x; 总量较基线 0.9x,41592,5778,47370,0.878,0.122,0.1389,0.949,0.888,CALL,0.8216,,2
2026-05-29,US.COIN,CALL,47.87,CALL 占比 75%; CALL 较基线 1.3x; 总量较基线 1.2x,133363,45545,178908,0.7454,0.2546,0.3415,1.347,1.213,CALL,0.6637,,2
2026-05-29,US.AMZN,CALL,47.75,CALL 占比 83%; CALL 较基线 1.0x; 总量较基线 1.0x,411306,85289,496595,0.8283,0.1717,0.2074,1.046,1.042,CALL,0.8254,,2
2026-05-29,US.GEMI,CALL,47.64,CALL 占比 71%; CALL 较基线 1.4x; 总量较基线 1.3x,4565,1861,6426,0.7104,0.2896,0.4077,1.433,1.292,CALL,0.6535,,2
2026-05-29,US.META,CALL,47.32,CALL 占比 82%; CALL 较基线 1.0x; 总量较基线 1.1x,411482,90074,501556,0.8204,0.1796,0.2189,1.008,1.073,CALL,0.874,,2
2026-05-29,US.BMNR,CALL,47.29,CALL 占比 67%; CALL 较基线 1.4x; 总量较基线 1.5x,120399,60039,180438,0.6673,0.3327,0.4987,1.435,1.52,CALL,0.7154,,2
2026-05-29,US.ASML,CALL,47.19,CALL 占比 64%; CALL 较基线 1.6x; 总量较基线 1.4x,9652,5473,15125,0.6381,0.3619,0.567,1.65,1.412,CALL,0.5551,,2
2026-05-29,US.UVXY,CALL,47.16,CALL 占比 67%; CALL 较基线 1.4x; 总量较基线 1.6x,28169,13964,42133,0.6686,0.3314,0.4957,1.37,1.576,CALL,0.7669,,2
2026-05-29,US.OKLO,CALL,46.41,CALL 占比 59%; CALL 较基线 1.4x; 总量较基线 1.9x,67968,47478,115446,0.5887,0.4113,0.6985,1.422,1.914,CALL,0.7862,,2
2026-05-29,US.SOXS,CALL,46.28,CALL 占比 80%; CALL 较基线 1.0x; 总量较基线 1.0x,200988,49630,250618,0.802,0.198,0.2469,1.007,1.025,CALL,0.821,,2
2026-05-29,US.VST,CALL,45.36,CALL 占比 75%; CALL 较基线 1.2x; 总量较基线 0.9x,15114,4960,20074,0.7529,0.2471,0.3282,1.238,0.89,CALL,0.5817,,2
2026-05-29,US.SVIX,PUT,44.8,PUT 占比 62%; PUT 较基线 1.7x; 总量较基线 1.1x,2218,3563,5781,0.3837,0.6163,1.6064,1.664,1.139,CALL,0.497,,2
2026-05-29,US.MSTR,CALL,44.55,CALL 占比 67%; CALL 较基线 1.2x; 总量较基线 1.3x,331675,165740,497415,0.6668,0.3332,0.4997,1.248,1.315,CALL,0.6668,,2
2026-05-29,US.BABA,CALL,44.53,CALL 占比 71%; CALL 较基线 1.1x; 总量较基线 1.1x,66928,27115,94043,0.7117,0.2883,0.4051,1.149,1.145,CALL,0.7114,,2
2026-05-29,US.OPEN,CALL,44.48,CALL 占比 87%; CALL 较基线 0.7x; 总量较基线 0.7x,124462,17867,142329,0.8745,0.1255,0.1436,0.672,0.687,CALL,0.8957,,2
2026-05-29,US.YINN,PUT,43.25,PUT 占比 60%; PUT 较基线 1.7x; 总量较基线 1.0x,3421,5060,8481,0.4034,0.5966,1.4791,1.656,1.023,CALL,0.3528,,2
2026-05-29,US.FCX,CALL,42.74,CALL 占比 69%; CALL 较基线 1.1x; 总量较基线 1.1x,33195,14977,48172,0.6891,0.3109,0.4512,1.081,1.088,CALL,0.7009,,2
2026-05-29,US.TNA,PUT,42.62,PUT 占比 56%; PUT 较基线 1.5x; 总量较基线 1.4x,13046,16619,29665,0.4398,0.5602,1.2739,1.457,1.426,PUT,0.559,,2
2026-05-29,US.MP,CALL,42.39,CALL 占比 72%; CALL 较基线 0.9x; 总量较基线 1.0x,14782,5779,20561,0.7189,0.2811,0.3909,0.944,1.014,CALL,0.7564,,2
2026-05-29,US.SNOW,CALL,42.35,CALL 占比 85%; CALL 较基线 0.6x; 总量较基线 0.6x,119120,20506,139626,0.8531,0.1469,0.1721,0.591,0.583,CALL,0.8404,,1
2026-05-29,US.CVX,CALL,42.32,CALL 占比 58%; CALL 较基线 1.3x; 总量较基线 1.5x,21898,15987,37885,0.578,0.422,0.7301,1.29,1.48,CALL,0.6657,,2
2026-05-29,US.APLD,CALL,41.3,CALL 占比 83%; CALL 较基线 0.6x; 总量较基线 0.6x,51773,10465,62238,0.8319,0.1681,0.2021,0.581,0.564,CALL,0.8159,,2
2026-05-29,US.SBET,CALL,41.1,CALL 占比 56%; CALL 较基线 1.1x; 总量较基线 1.7x,22098,17589,39687,0.5568,0.4432,0.796,1.081,1.697,CALL,0.8669,,2
2026-05-29,US.TMF,CALL,40.79,CALL 占比 62%; CALL 较基线 1.1x; 总量较基线 1.1x,12085,7270,19355,0.6244,0.3756,0.6016,1.124,1.137,CALL,0.6325,,2
2026-05-29,US.LITE,PUT,39.68,PUT 占比 57%; PUT 较基线 1.4x; 总量较基线 0.9x,9534,12693,22227,0.4289,0.5711,1.3313,1.41,0.926,CALL,0.381,,2
2026-05-29,US.MANH,PUT,39.43,PUT 占比 69%; PUT 较基线 0.9x; 总量较基线 0.8x,26,59,85,0.3059,0.6941,2.2692,0.894,0.752,PUT,0.5841,,1
2026-05-29,US.JD,CALL,39.15,CALL 占比 71%; CALL 较基线 0.7x; 总量较基线 0.8x,23465,9385,32850,0.7143,0.2857,0.4,0.742,0.774,CALL,0.7528,,2
2026-05-29,US.MRVL,CALL,38.8,CALL 占比 75%; CALL 较基线 0.7x; 总量较基线 0.6x,112345,37830,150175,0.7481,0.2519,0.3367,0.671,0.585,CALL,0.6561,,2
2026-05-29,US.IWM,PUT,38.24,PUT 占比 57%; PUT 较基线 0.9x; 总量较基线 1.3x,502185,655790,1157975,0.4337,0.5663,1.3059,0.947,1.336,PUT,0.7881,,2
2026-05-29,US.AMD,CALL,37.94,CALL 占比 62%; CALL 较基线 0.9x; 总量较基线 1.0x,165130,99481,264611,0.624,0.376,0.6024,0.894,0.972,CALL,0.668,,2
2026-05-29,US.ASX,CALL,37.81,CALL 占比 78%; CALL 较基线 0.4x; 总量较基线 0.5x,4795,1365,6160,0.7784,0.2216,0.2847,0.435,0.532,CALL,0.9516,,2
2026-05-29,US.TSM,CALL,37.28,CALL 占比 65%; CALL 较基线 0.8x; 总量较基线 0.8x,57767,30650,88417,0.6533,0.3467,0.5306,0.816,0.77,CALL,0.629,,2
2026-05-29,US.XOM,CALL,35.72,CALL 占比 58%; CALL 较基线 0.8x; 总量较基线 0.9x,26106,18579,44685,0.5842,0.4158,0.7117,0.848,0.927,CALL,0.6235,,2
2026-05-29,US.SOXL,CALL,35.07,CALL 占比 55%; CALL 较基线 1.0x; 总量较基线 0.9x,45807,37811,83618,0.5478,0.4522,0.8254,0.978,0.889,CALL,0.5323,,2
2026-05-29,US.LI,CALL,33.2,CALL 占比 64%; CALL 较基线 0.6x; 总量较基线 0.5x,5185,2911,8096,0.6404,0.3596,0.5614,0.598,0.467,PUT,0.4828,,2
2026-05-29,US.REMX,CALL,31.82,CALL 占比 56%; CALL 较基线 0.6x; 总量较基线 0.8x,246,195,441,0.5578,0.4422,0.7927,0.586,0.803,CALL,0.7003,,2
2026-05-29,US.FICO,PUT,31.14,PUT 占比 58%; PUT 较基线 0.6x; 总量较基线 0.6x,263,362,625,0.4208,0.5792,1.3764,0.557,0.587,PUT,0.6103,,1
2026-05-29,US.CBRS,CALL,30.73,CALL 占比 60%; CALL 较基线 0.5x; 总量较基线 0.5x,8475,5753,14228,0.5957,0.4043,0.6788,0.456,0.542,CALL,0.7118,,2
2026-05-29,US.IREN,CALL,28.45,CALL 占比 53%; CALL 较基线 0.5x; 总量较基线 0.6x,153867,136716,290583,0.5295,0.4705,0.8885,0.468,0.588,CALL,0.6602,,2
2026-05-29,US.PDD,CALL,27.76,CALL 占比 54%; CALL 较基线 0.5x; 总量较基线 0.4x,38908,32932,71840,0.5416,0.4584,0.8464,0.458,0.406,PUT,0.487,,2
2026-05-29,US.XYF,NONE,0,暂无期权成交,0,0,0,0.0,0.0,0.0,,,,,,2
2026-05-28,US.NET,CALL,89.71,CALL 占比 75%; CALL 较基线 5.4x; 总量较基线 3.3x,22708,7479,30187,0.7522,0.2478,0.3294,5.353,3.271,PUT,0.4596,,1
2026-05-28,US.RBRK,CALL,89.0,CALL 占比 91%; CALL 较基线 4.0x; 总量较基线 3.5x,9876,1030,10906,0.9056,0.0944,0.1043,3.973,3.499,CALL,0.7976,,1
2026-05-28,US.SVIX,CALL,85.3,CALL 占比 64%; CALL 较基线 5.8x; 总量较基线 3.3x,5002,2761,7763,0.6443,0.3557,0.552,5.796,3.255,PUT,0.3618,,1
2026-05-28,US.HOOD,CALL,85.15,CALL 占比 87%; CALL 较基线 3.8x; 总量较基线 3.3x,519912,79590,599502,0.8672,0.1328,0.1531,3.835,3.296,CALL,0.7453,,1
2026-05-28,US.ORCL,CALL,84.86,CALL 占比 90%; CALL 较基线 3.9x; 总量较基线 3.0x,360943,41747,402690,0.8963,0.1037,0.1157,3.865,3.014,CALL,0.6991,,1
2026-05-28,US.JD,CALL,83.83,CALL 占比 74%; CALL 较基线 3.8x; 总量较基线 3.9x,50132,17544,67676,0.7408,0.2592,0.35,3.818,3.942,CALL,0.7648,,1
2026-05-28,US.MSFT,CALL,83.43,CALL 占比 88%; CALL 较基线 3.6x; 总量较基线 3.3x,803019,106237,909256,0.8832,0.1168,0.1323,3.572,3.255,CALL,0.8048,,1
2026-05-28,US.REMX,CALL,77.19,CALL 占比 86%; CALL 较基线 3.6x; 总量较基线 2.3x,658,104,762,0.8635,0.1365,0.1581,3.635,2.261,CALL,0.5371,,1
2026-05-28,US.SOUN,CALL,76.83,CALL 占比 87%; CALL 较基线 3.2x; 总量较基线 2.8x,106869,15584,122453,0.8727,0.1273,0.1458,3.156,2.779,CALL,0.7686,,1
2026-05-28,US.SMCI,CALL,73.44,CALL 占比 88%; CALL 较基线 2.9x; 总量较基线 2.6x,445823,62516,508339,0.877,0.123,0.1402,2.85,2.594,CALL,0.7981,,1
2026-05-28,US.BBAI,CALL,71.53,CALL 占比 91%; CALL 较基线 2.5x; 总量较基线 2.5x,258505,26301,284806,0.9077,0.0923,0.1017,2.5,2.538,CALL,0.9217,,1
2026-05-28,US.IBM,CALL,69.19,CALL 占比 95%; CALL 较基线 2.4x; 总量较基线 2.1x,100602,5791,106393,0.9456,0.0544,0.0576,2.373,2.064,CALL,0.8224,,1
2026-05-28,US.DELL,CALL,68.67,CALL 占比 67%; CALL 较基线 3.2x; 总量较基线 2.7x,77091,38427,115518,0.6674,0.3326,0.4985,3.228,2.691,CALL,0.5564,,1
2026-05-28,US.GDS,CALL,68.28,CALL 占比 82%; CALL 较基线 3.0x; 总量较基线 1.8x,1149,248,1397,0.8225,0.1775,0.2158,3.048,1.833,PUT,0.4948,,1
2026-05-28,US.TIGR,PUT,68.28,"PUT 占比 79%; PUT 较基线 2.2x; 总量较基线 1.0x; 方向反转 CALL->PUT, 占比提升 43%",4865,18599,23464,0.2073,0.7927,3.823,2.209,1.023,CALL,0.3671,12.77,1
2026-05-28,US.KC,CALL,63.6,CALL 占比 98%; CALL 较基线 1.8x; 总量较基线 1.6x,1604,27,1631,0.9834,0.0166,0.0168,1.812,1.628,CALL,0.8832,,1
2026-05-28,US.MSTR,CALL,63.43,CALL 占比 80%; CALL 较基线 2.6x; 总量较基线 1.8x,384733,98623,483356,0.796,0.204,0.2563,2.621,1.77,CALL,0.5377,,1
2026-05-28,US.PLTR,CALL,61.48,CALL 占比 84%; CALL 较基线 2.1x; 总量较基线 1.9x,585403,111267,696670,0.8403,0.1597,0.1901,2.085,1.865,CALL,0.7518,,1
2026-05-28,US.FCX,CALL,60.17,CALL 占比 68%; CALL 较基线 2.3x; 总量较基线 2.4x,42771,19868,62639,0.6828,0.3172,0.4645,2.295,2.417,CALL,0.7191,,1
2026-05-28,US.MP,CALL,58.8,CALL 占比 82%; CALL 较基线 2.0x; 总量较基线 1.7x,20844,4502,25346,0.8224,0.1776,0.216,1.987,1.668,CALL,0.6903,,1
2026-05-28,US.NOW,CALL,57.53,CALL 占比 86%; CALL 较基线 1.7x; 总量较基线 1.6x,198078,32957,231035,0.8574,0.1426,0.1664,1.708,1.596,CALL,0.8014,,1
2026-05-28,US.MARA,CALL,54.86,CALL 占比 77%; CALL 较基线 1.9x; 总量较基线 1.4x,110303,32766,143069,0.771,0.229,0.2971,1.918,1.445,CALL,0.5809,,1
2026-05-28,US.LI,PUT,54.69,"PUT 占比 68%; PUT 较基线 1.6x; 总量较基线 0.8x; 方向反转 CALL->PUT, 占比提升 33%",4960,10631,15591,0.3181,0.6819,2.1433,1.579,0.816,CALL,0.3525,9.88,1
2026-05-28,US.IGV,CALL,54.14,CALL 占比 65%; CALL 较基线 1.9x; 总量较基线 2.1x,58573,31714,90287,0.6487,0.3513,0.5414,1.924,2.133,CALL,0.7193,,1
2026-05-28,US.SNOW,CALL,53.62,CALL 占比 84%; 暂无历史基线,201429,38262,239691,0.8404,0.1596,0.19,,,,,,0
2026-05-28,US.OKLO,CALL,53.59,CALL 占比 83%; CALL 较基线 1.5x; 总量较基线 1.4x,57820,12086,69906,0.8271,0.1729,0.209,1.53,1.379,CALL,0.7454,,1
2026-05-28,US.OPEN,CALL,53.28,CALL 占比 88%; CALL 较基线 1.3x; 总量较基线 1.3x,207471,28812,236283,0.8781,0.1219,0.1389,1.275,1.326,CALL,0.9132,,1
2026-05-28,US.DJT,CALL,52.9,CALL 占比 86%; CALL 较基线 1.3x; 总量较基线 1.3x,19621,3126,22747,0.8626,0.1374,0.1593,1.319,1.307,CALL,0.8545,,1
2026-05-28,US.CRCL,CALL,52.64,CALL 占比 78%; CALL 较基线 1.6x; 总量较基线 1.5x,56463,16008,72471,0.7791,0.2209,0.2835,1.569,1.486,CALL,0.7379,,1
2026-05-28,US.GWRE,CALL,51.93,CALL 占比 80%; 暂无历史基线,261,66,327,0.7982,0.2018,0.2529,,,,,,0
2026-05-28,US.RXRX,CALL,51.5,CALL 占比 98%; CALL 较基线 0.9x; 总量较基线 0.9x,77645,1657,79302,0.9791,0.0209,0.0213,0.877,0.886,CALL,0.9883,,1
2026-05-28,US.AMD,CALL,51.15,CALL 占比 74%; CALL 较基线 1.7x; 总量较基线 1.4x,231704,81843,313547,0.739,0.261,0.3532,1.68,1.358,CALL,0.597,,1
2026-05-28,US.AIFC,CALL,50.62,CALL 占比 92%; CALL 较基线 1.0x; 总量较基线 1.0x,281,23,304,0.9243,0.0757,0.0819,0.956,1.0,CALL,0.9671,,1
2026-05-28,US.ASX,CALL,49.96,CALL 占比 96%; CALL 较基线 0.8x; 总量较基线 0.8x,10059,455,10514,0.9567,0.0433,0.0452,0.839,0.83,CALL,0.9466,,1
2026-05-28,US.SOFI,CALL,49.17,CALL 占比 79%; CALL 较基线 1.3x; 总量较基线 1.2x,328357,85609,413966,0.7932,0.2068,0.2607,1.255,1.233,CALL,0.7789,,1
2026-05-28,US.GEMI,CALL,49.04,CALL 占比 82%; CALL 较基线 1.4x; 总量较基线 0.9x,3731,844,4575,0.8155,0.1845,0.2262,1.414,0.852,PUT,0.4915,,1
2026-05-28,US.UVXY,CALL,48.9,CALL 占比 80%; CALL 较基线 1.3x; 总量较基线 1.2x,22871,5754,28625,0.799,0.201,0.2516,1.253,1.152,CALL,0.7348,,1
2026-05-28,US.UPST,CALL,48.72,CALL 占比 61%; CALL 较基线 1.6x; 总量较基线 1.9x,18359,11744,30103,0.6099,0.3901,0.6397,1.613,1.902,CALL,0.7193,,1
2026-05-28,US.BABA,CALL,48.39,CALL 占比 70%; CALL 较基线 1.4x; 总量较基线 1.5x,68667,29345,98012,0.7006,0.2994,0.4274,1.436,1.48,CALL,0.7222,,1
2026-05-28,US.SAP,CALL,48.35,CALL 占比 71%; 暂无历史基线,2193,901,3094,0.7088,0.2912,0.4109,,,,,,0
2026-05-28,US.META,CALL,48.06,CALL 占比 89%; CALL 较基线 0.9x; 总量较基线 0.9x,387311,47780,435091,0.8902,0.1098,0.1234,0.903,0.871,CALL,0.8579,,1
2026-05-28,US.RDDT,CALL,47.59,CALL 占比 84%; CALL 较基线 1.0x; 总量较基线 1.0x,44358,8656,53014,0.8367,0.1633,0.1951,1.025,0.987,CALL,0.8064,,1
2026-05-28,US.AMZN,CALL,47.54,CALL 占比 83%; CALL 较基线 1.0x; 总量较基线 1.0x,400438,84346,484784,0.826,0.174,0.2106,1.037,1.035,CALL,0.8247,,1
2026-05-28,US.WDAY,CALL,47.42,CALL 占比 69%; 暂无历史基线,5720,2623,8343,0.6856,0.3144,0.4586,,,,,,0
2026-05-28,US.MRVL,CALL,47.3,CALL 占比 77%; CALL 较基线 1.3x; 总量较基线 0.9x,192161,56894,249055,0.7716,0.2284,0.2961,1.347,0.944,CALL,0.5406,,1
2026-05-28,US.CLBT,CALL,47.18,CALL 占比 76%; CALL 较基线 1.6x; 总量较基线 0.7x,458,148,606,0.7558,0.2442,0.3231,1.579,0.719,PUT,0.344,,1
2026-05-28,US.INTU,PUT,47.04,PUT 占比 68%; 暂无历史基线,5712,11923,17635,0.3239,0.6761,2.0874,,,,,,0
2026-05-28,US.LITE,CALL,46.41,CALL 占比 67%; CALL 较基线 1.5x; 总量较基线 1.3x,17984,8721,26705,0.6734,0.3266,0.4849,1.495,1.253,CALL,0.5645,,1
2026-05-28,US.BMNR,CALL,45.97,CALL 占比 67%; CALL 较基线 1.3x; 总量较基线 1.5x,94648,46522,141170,0.6705,0.3295,0.4915,1.293,1.467,CALL,0.7604,,1
2026-05-28,US.NVDA,CALL,45.7,CALL 占比 81%; CALL 较基线 0.9x; 总量较基线 0.9x,1458145,334866,1793011,0.8132,0.1868,0.2297,0.945,0.935,CALL,0.8039,,1
2026-05-28,US.APLD,CALL,45.65,CALL 占比 87%; CALL 较基线 0.8x; 总量较基线 0.7x,80279,12031,92310,0.8697,0.1303,0.1499,0.819,0.718,CALL,0.7621,,1
2026-05-28,US.CRM,CALL,45.54,CALL 占比 64%; 暂无历史基线,81626,46216,127842,0.6385,0.3615,0.5662,,,,,,0
2026-05-28,US.TNA,CALL,45.38,CALL 占比 55%; CALL 较基线 2.0x; 总量较基线 1.2x,12542,10238,22780,0.5506,0.4494,0.8163,2.012,1.211,PUT,0.3314,,1
2026-05-28,US.CRWD,CALL,45.17,CALL 占比 63%; 暂无历史基线,11532,6795,18327,0.6292,0.3708,0.5892,,,,,,0
2026-05-28,US.CRWV,CALL,45.16,CALL 占比 67%; CALL 较基线 1.5x; 总量较基线 1.1x,115125,56190,171315,0.672,0.328,0.4881,1.482,1.071,PUT,0.4855,,1
2026-05-28,US.QCOM,CALL,44.75,CALL 占比 86%; CALL 较基线 0.8x; 总量较基线 0.7x,96638,15543,112181,0.8614,0.1386,0.1608,0.79,0.662,CALL,0.7224,,1
2026-05-28,US.DDOG,PUT,44.58,PUT 占比 61%; 暂无历史基线,7891,12577,20468,0.3855,0.6145,1.5938,,,,,,0
2026-05-28,US.FICO,PUT,44.41,PUT 占比 61%; 暂无历史基线,415,650,1065,0.3897,0.6103,1.5663,,,,,,0
2026-05-28,US.NBIS,CALL,44.16,CALL 占比 61%; CALL 较基线 1.6x; 总量较基线 1.2x,86492,55349,141841,0.6098,0.3902,0.6399,1.605,1.155,PUT,0.4391,,1
2026-05-28,US.PDD,PUT,43.88,PUT 占比 60%; PUT 较基线 1.6x; 总量较基线 1.2x,77070,113771,190841,0.4038,0.5962,1.4762,1.625,1.172,CALL,0.4298,,1
2026-05-28,US.MANH,PUT,43.36,PUT 占比 58%; 暂无历史基线,47,66,113,0.4159,0.5841,1.4043,,,,,,0
2026-05-28,US.INTC,CALL,43.35,CALL 占比 75%; CALL 较基线 1.0x; 总量较基线 0.9x,245847,83647,329494,0.7461,0.2539,0.3402,1.022,0.889,CALL,0.6493,,1
2026-05-28,US.SOXS,CALL,43.31,CALL 占比 84%; CALL 较基线 0.7x; 总量较基线 0.7x,164253,30357,194610,0.844,0.156,0.1848,0.699,0.661,CALL,0.798,,1
2026-05-28,US.VEEV,PUT,43.23,PUT 占比 58%; 暂无历史基线,607,841,1448,0.4192,0.5808,1.3855,,,,,,0
2026-05-28,US.AAPL,CALL,42.77,CALL 占比 77%; CALL 较基线 0.8x; 总量较基线 0.9x,424620,124573,549193,0.7732,0.2268,0.2934,0.843,0.85,CALL,0.7801,,1
2026-05-28,US.ADSK,CALL,42.46,CALL 占比 56%; 暂无历史基线,9753,7618,17371,0.5615,0.4385,0.7811,,,,,,0
2026-05-28,US.SBET,CALL,42.39,CALL 占比 80%; CALL 较基线 0.7x; 总量较基线 0.8x,16754,4212,20966,0.7991,0.2009,0.2514,0.694,0.812,CALL,0.9348,,1
2026-05-28,US.AVGO,CALL,42.38,CALL 占比 73%; CALL 较基线 1.0x; 总量较基线 0.8x,65939,24441,90380,0.7296,0.2704,0.3707,1.036,0.817,CALL,0.5751,,1
2026-05-28,US.SPY,PUT,42.35,PUT 占比 67%; PUT 较基线 1.2x; 总量较基线 1.0x,670799,1387239,2058038,0.3259,0.6741,2.068,1.181,0.988,PUT,0.5638,,1
2026-05-28,US.DUOL,CALL,42.33,CALL 占比 71%; CALL 较基线 1.2x; 总量较基线 0.7x,2778,1111,3889,0.7143,0.2857,0.3999,1.164,0.741,PUT,0.4546,,1
2026-05-28,US.YINN,CALL,42.2,CALL 占比 57%; CALL 较基线 1.2x; 总量较基线 1.6x,5791,4296,10087,0.5741,0.4259,0.7418,1.239,1.554,CALL,0.7202,,1
2026-05-28,US.GOOGL,CALL,42.06,CALL 占比 75%; CALL 较基线 0.9x; 总量较基线 0.8x,106820,35247,142067,0.7519,0.2481,0.33,0.893,0.805,CALL,0.6778,,1
2026-05-28,US.GEV,PUT,41.81,PUT 占比 63%; PUT 较基线 1.2x; 总量较基线 1.1x,4757,8237,12994,0.3661,0.6339,1.7316,1.232,1.1,PUT,0.5662,,1
2026-05-28,US.TSLA,CALL,41.57,CALL 占比 68%; CALL 较基线 1.0x; 总量较基线 1.1x,920281,442484,1362765,0.6753,0.3247,0.4808,1.002,1.09,CALL,0.7349,,1
2026-05-28,US.CBRS,CALL,39.94,CALL 占比 74%; CALL 较基线 0.8x; 总量较基线 0.7x,16099,5674,21773,0.7394,0.2606,0.3524,0.765,0.708,CALL,0.6843,,1
2026-05-28,US.COHR,PUT,39.76,PUT 占比 59%; PUT 较基线 1.1x; 总量较基线 1.2x,5074,7414,12488,0.4063,0.5937,1.4612,1.117,1.18,PUT,0.6271,,1
2026-05-28,US.TMF,CALL,39.49,CALL 占比 62%; CALL 较基线 1.0x; 总量较基线 1.1x,10934,6750,17684,0.6183,0.3817,0.6173,1.034,1.082,CALL,0.6468,,1
2026-05-28,US.TWLO,CALL,39.21,CALL 占比 60%; CALL 较基线 0.9x; 总量较基线 1.3x,2620,1714,4334,0.6045,0.3955,0.6542,0.914,1.287,CALL,0.851,,1
2026-05-28,US.PANW,CALL,39.16,CALL 占比 69%; CALL 较基线 0.9x; 总量较基线 0.7x,13695,6057,19752,0.6933,0.3067,0.4423,0.896,0.709,CALL,0.5491,,1
2026-05-28,US.IBIT,CALL,38.99,CALL 占比 50%; CALL 较基线 1.3x; 总量较基线 1.3x,213556,209775,423331,0.5045,0.4955,0.9823,1.346,1.34,CALL,0.5022,,1
2026-05-28,US.IWM,PUT,38.11,PUT 占比 73%; PUT 较基线 0.6x; 总量较基线 0.7x,185316,512269,697585,0.2657,0.7343,2.7643,0.587,0.673,PUT,0.8419,,1
2026-05-28,US.SQQQ,CALL,37.87,CALL 占比 62%; CALL 较基线 0.8x; 总量较基线 1.1x,43772,27119,70891,0.6175,0.3825,0.6196,0.814,1.11,CALL,0.8421,,1
2026-05-28,US.MRNA,CALL,37.12,CALL 占比 58%; CALL 较基线 0.8x; 总量较基线 1.2x,9566,6790,16356,0.5849,0.4151,0.7098,0.847,1.158,CALL,0.7995,,1
2026-05-28,US.VST,CALL,37.04,CALL 占比 70%; CALL 较基线 0.8x; 总量较基线 0.5x,10489,4472,14961,0.7011,0.2989,0.4264,0.753,0.496,PUT,0.4622,,1
2026-05-28,US.CVX,CALL,36.84,CALL 占比 68%; CALL 较基线 0.7x; 总量较基线 0.7x,14043,6671,20714,0.6779,0.3221,0.475,0.705,0.68,CALL,0.6536,,1
2026-05-28,US.QQQ,PUT,36.69,PUT 占比 61%; PUT 较基线 0.9x; 总量较基线 0.8x,489945,779035,1268980,0.3861,0.6139,1.59,0.881,0.848,PUT,0.5909,,1
2026-05-28,US.TSM,CALL,33.94,CALL 占比 67%; CALL 较基线 0.5x; 总量较基线 0.5x,50038,25057,75095,0.6663,0.3337,0.5008,0.547,0.486,CALL,0.5918,,1
2026-05-28,US.COIN,CALL,33.93,CALL 占比 60%; CALL 较基线 0.7x; 总量较基线 0.8x,78514,53338,131852,0.5955,0.4045,0.6793,0.657,0.808,CALL,0.7319,,1
2026-05-28,US.SOXL,CALL,33.29,CALL 占比 63%; CALL 较基线 0.7x; 总量较基线 0.5x,37607,22279,59886,0.628,0.372,0.5924,0.671,0.467,PUT,0.4367,,1
2026-05-28,US.IREN,CALL,32.47,CALL 占比 64%; CALL 较基线 0.5x; 总量较基线 0.5x,211460,117948,329408,0.6419,0.3581,0.5578,0.473,0.5,CALL,0.6785,,1
2026-05-28,US.EWT,CALL,32.32,CALL 占比 74%; CALL 较基线 0.2x; 总量较基线 0.2x,4217,1507,5724,0.7367,0.2633,0.3574,0.185,0.228,CALL,0.9094,,1
2026-05-28,US.ASML,CALL,30.16,CALL 占比 58%; CALL 较基线 0.5x; 总量较基线 0.5x,3987,2890,6877,0.5798,0.4202,0.7249,0.517,0.473,CALL,0.5304,,1
2026-05-28,US.XOM,CALL,30.04,CALL 占比 57%; CALL 较基线 0.5x; 总量较基线 0.6x,19945,15079,35024,0.5695,0.4305,0.756,0.48,0.57,CALL,0.6774,,1
2026-05-28,US.SCO,NONE,0,暂无期权成交,0,0,0,0.0,0.0,0.0,,,,,,1
2026-05-28,US.XYF,NONE,0,暂无期权成交,0,0,0,0.0,0.0,0.0,,,,,,1
2026-05-27,US.RXRX,CALL,59.53,CALL 占比 99%; 暂无历史基线,88501,1052,89553,0.9883,0.0117,0.0119,,,,,,0
2026-05-27,US.AIFC,CALL,58.68,CALL 占比 97%; 暂无历史基线,294,10,304,0.9671,0.0329,0.034,,,,,,0
2026-05-27,US.ASX,CALL,57.86,CALL 占比 95%; 暂无历史基线,11987,676,12663,0.9466,0.0534,0.0564,,,,,,0
2026-05-27,US.SBET,CALL,57.39,CALL 占比 93%; 暂无历史基线,24136,1683,25819,0.9348,0.0652,0.0697,,,,,,0
2026-05-27,US.BBAI,CALL,56.87,CALL 占比 92%; 暂无历史基线,103420,8791,112211,0.9217,0.0783,0.085,,,,,,0
2026-05-27,US.OPEN,CALL,56.53,CALL 占比 91%; 暂无历史基线,162752,15463,178215,0.9132,0.0868,0.095,,,,,,0
2026-05-27,US.EWT,CALL,56.38,CALL 占比 91%; 暂无历史基线,22786,2269,25055,0.9094,0.0906,0.0996,,,,,,0
2026-05-27,US.KC,CALL,55.33,CALL 占比 88%; 暂无历史基线,885,117,1002,0.8832,0.1168,0.1322,,,,,,0
2026-05-27,US.META,CALL,54.32,CALL 占比 86%; 暂无历史基线,428723,71008,499731,0.8579,0.1421,0.1656,,,,,,0
2026-05-27,US.DJT,CALL,54.18,CALL 占比 85%; 暂无历史基线,14876,2534,17410,0.8545,0.1455,0.1703,,,,,,0
2026-05-27,US.TWLO,CALL,54.04,CALL 占比 85%; 暂无历史基线,2866,502,3368,0.851,0.149,0.1752,,,,,,0
2026-05-27,US.IWM,PUT,53.68,PUT 占比 84%; 暂无历史基线,163841,872467,1036308,0.1581,0.8419,5.3251,,,,,,0
2026-05-27,US.SQQQ,CALL,53.68,CALL 占比 84%; 暂无历史基线,53792,10086,63878,0.8421,0.1579,0.1875,,,,,,0
2026-05-27,US.AMZN,CALL,52.99,CALL 占比 82%; 暂无历史基线,386239,82085,468324,0.8247,0.1753,0.2125,,,,,,0
2026-05-27,US.IBM,CALL,52.9,CALL 占比 82%; 暂无历史基线,42394,9153,51547,0.8224,0.1776,0.2159,,,,,,0
2026-05-27,US.RDDT,CALL,52.26,CALL 占比 81%; 暂无历史基线,43290,10396,53686,0.8064,0.1936,0.2401,,,,,,0
2026-05-27,US.MSFT,CALL,52.19,CALL 占比 80%; 暂无历史基线,224833,54540,279373,0.8048,0.1952,0.2426,,,,,,0
2026-05-27,US.NVDA,CALL,52.16,CALL 占比 80%; 暂无历史基线,1542454,376226,1918680,0.8039,0.1961,0.2439,,,,,,0
2026-05-27,US.NOW,CALL,52.06,CALL 占比 80%; 暂无历史基线,116000,28742,144742,0.8014,0.1986,0.2478,,,,,,0
2026-05-27,US.MRNA,CALL,51.98,CALL 占比 80%; 暂无历史基线,11293,2832,14125,0.7995,0.2005,0.2508,,,,,,0
2026-05-27,US.SMCI,CALL,51.92,CALL 占比 80%; 暂无历史基线,156416,39579,195995,0.7981,0.2019,0.253,,,,,,0
2026-05-27,US.SOXS,CALL,51.92,CALL 占比 80%; 暂无历史基线,235058,59506,294564,0.798,0.202,0.2532,,,,,,0
2026-05-27,US.RBRK,CALL,51.9,CALL 占比 80%; 暂无历史基线,2486,631,3117,0.7976,0.2024,0.2538,,,,,,0
2026-05-27,US.AAPL,CALL,51.2,CALL 占比 78%; 暂无历史基线,503835,142047,645882,0.7801,0.2199,0.2819,,,,,,0
2026-05-27,US.SOFI,CALL,51.16,CALL 占比 78%; 暂无历史基线,261559,74242,335801,0.7789,0.2211,0.2838,,,,,,0
2026-05-27,US.SOUN,CALL,50.74,CALL 占比 77%; 暂无历史基线,33865,10197,44062,0.7686,0.2314,0.3011,,,,,,0
2026-05-27,US.JD,CALL,50.59,CALL 占比 76%; 暂无历史基线,13131,4038,17169,0.7648,0.2352,0.3075,,,,,,0
2026-05-27,US.APLD,CALL,50.48,CALL 占比 76%; 暂无历史基线,97985,30595,128580,0.7621,0.2379,0.3122,,,,,,0
2026-05-27,US.BMNR,CALL,50.42,CALL 占比 76%; 暂无历史基线,73184,23056,96240,0.7604,0.2396,0.315,,,,,,0
2026-05-27,US.PLTR,CALL,50.07,CALL 占比 75%; 暂无历史基线,280817,92697,373514,0.7518,0.2482,0.3301,,,,,,0
2026-05-27,US.OKLO,CALL,49.82,CALL 占比 75%; 暂无历史基线,37797,12909,50706,0.7454,0.2546,0.3415,,,,,,0
2026-05-27,US.HOOD,CALL,49.81,CALL 占比 75%; 暂无历史基线,135555,46330,181885,0.7453,0.2547,0.3418,,,,,,0
2026-05-27,US.CRCL,CALL,49.52,CALL 占比 74%; 暂无历史基线,35980,12783,48763,0.7379,0.2621,0.3553,,,,,,0
2026-05-27,US.TSLA,CALL,49.4,CALL 占比 73%; 暂无历史基线,918717,331362,1250079,0.7349,0.2651,0.3607,,,,,,0
2026-05-27,US.UVXY,CALL,49.39,CALL 占比 73%; 暂无历史基线,18252,6586,24838,0.7348,0.2652,0.3608,,,,,,0
2026-05-27,US.COIN,CALL,49.28,CALL 占比 73%; 暂无历史基线,119435,43740,163175,0.7319,0.2681,0.3662,,,,,,0
2026-05-27,US.QCOM,CALL,48.9,CALL 占比 72%; 暂无历史基线,122375,47019,169394,0.7224,0.2776,0.3842,,,,,,0
2026-05-27,US.BABA,CALL,48.89,CALL 占比 72%; 暂无历史基线,47834,18398,66232,0.7222,0.2778,0.3846,,,,,,0
2026-05-27,US.YINN,CALL,48.81,CALL 占比 72%; 暂无历史基线,4675,1816,6491,0.7202,0.2798,0.3884,,,,,,0
2026-05-27,US.IGV,CALL,48.77,CALL 占比 72%; 暂无历史基线,30441,11881,42322,0.7193,0.2807,0.3903,,,,,,0
2026-05-27,US.UPST,CALL,48.77,CALL 占比 72%; 暂无历史基线,11381,4442,15823,0.7193,0.2807,0.3903,,,,,,0
2026-05-27,US.FCX,CALL,48.76,CALL 占比 72%; 暂无历史基线,18638,7280,25918,0.7191,0.2809,0.3906,,,,,,0
2026-05-27,US.ORCL,CALL,47.96,CALL 占比 70%; 暂无历史基线,93394,40197,133591,0.6991,0.3009,0.4304,,,,,,0
2026-05-27,US.MP,CALL,47.61,CALL 占比 69%; 暂无历史基线,10489,4706,15195,0.6903,0.3097,0.4487,,,,,,0
2026-05-27,US.CBRS,CALL,47.37,CALL 占比 68%; 暂无历史基线,21045,9709,30754,0.6843,0.3157,0.4613,,,,,,0
2026-05-27,US.IREN,CALL,47.14,CALL 占比 68%; 暂无历史基线,446626,211604,658230,0.6785,0.3215,0.4738,,,,,,0
2026-05-27,US.GOOGL,CALL,47.11,CALL 占比 68%; 暂无历史基线,119565,56833,176398,0.6778,0.3222,0.4753,,,,,,0
2026-05-27,US.XOM,CALL,47.1,CALL 占比 68%; 暂无历史基线,41594,19810,61404,0.6774,0.3226,0.4763,,,,,,0
2026-05-27,US.TNA,PUT,46.74,PUT 占比 67%; 暂无历史基线,6234,12578,18812,0.3314,0.6686,2.0176,,,,,,0
2026-05-27,US.CLBT,PUT,46.24,PUT 占比 66%; 暂无历史基线,290,553,843,0.344,0.656,1.9069,,,,,,0
2026-05-27,US.CVX,CALL,46.14,CALL 占比 65%; 暂无历史基线,19915,10553,30468,0.6536,0.3464,0.5299,,,,,,0
2026-05-27,US.INTC,CALL,45.97,CALL 占比 65%; 暂无历史基线,240598,129969,370567,0.6493,0.3507,0.5402,,,,,,0
2026-05-27,US.LI,CALL,45.9,CALL 占比 65%; 暂无历史基线,12367,6732,19099,0.6475,0.3525,0.5444,,,,,,0
2026-05-27,US.TMF,CALL,45.87,CALL 占比 65%; 暂无历史基线,10575,5774,16349,0.6468,0.3532,0.546,,,,,,0
2026-05-27,US.SVIX,PUT,45.53,PUT 占比 64%; 暂无历史基线,863,1522,2385,0.3618,0.6382,1.7636,,,,,,0
2026-05-27,US.TIGR,CALL,45.32,CALL 占比 63%; 暂无历史基线,14516,8421,22937,0.6329,0.3671,0.5801,,,,,,0
2026-05-27,US.COHR,PUT,45.08,PUT 占比 63%; 暂无历史基线,3948,6638,10586,0.3729,0.6271,1.6814,,,,,,0
2026-05-27,US.AMD,CALL,43.88,CALL 占比 60%; 暂无历史基线,137880,93076,230956,0.597,0.403,0.6751,,,,,,0
2026-05-27,US.TSM,CALL,43.67,CALL 占比 59%; 暂无历史基线,91487,63110,154597,0.5918,0.4082,0.6898,,,,,,0
2026-05-27,US.QQQ,PUT,43.64,PUT 占比 59%; 暂无历史基线,612137,884154,1496291,0.4091,0.5909,1.4444,,,,,,0
2026-05-27,US.MARA,CALL,43.24,CALL 占比 58%; 暂无历史基线,57499,41481,98980,0.5809,0.4191,0.7214,,,,,,0
2026-05-27,US.AVGO,CALL,43.0,CALL 占比 58%; 暂无历史基线,63619,47007,110626,0.5751,0.4249,0.7389,,,,,,0
2026-05-27,US.PDD,CALL,42.81,CALL 占比 57%; 暂无历史基线,92854,70003,162857,0.5702,0.4298,0.7539,,,,,,0
2026-05-27,US.GEV,PUT,42.65,PUT 占比 57%; 暂无历史基线,5123,6686,11809,0.4338,0.5662,1.3051,,,,,,0
2026-05-27,US.LITE,CALL,42.58,CALL 占比 56%; 暂无历史基线,12030,9280,21310,0.5645,0.4355,0.7714,,,,,,0
2026-05-27,US.SPY,PUT,42.55,PUT 占比 56%; 暂无历史基线,908350,1174144,2082494,0.4362,0.5638,1.2926,,,,,,0
2026-05-27,US.SOXL,PUT,42.53,PUT 占比 56%; 暂无历史基线,56030,72285,128315,0.4367,0.5633,1.2901,,,,,,0
2026-05-27,US.NBIS,PUT,42.44,PUT 占比 56%; 暂无历史基线,53899,68863,122762,0.4391,0.5609,1.2776,,,,,,0
2026-05-27,US.DELL,CALL,42.26,CALL 占比 56%; 暂无历史基线,23882,19039,42921,0.5564,0.4436,0.7972,,,,,,0
2026-05-27,US.PANW,CALL,41.96,CALL 占比 55%; 暂无历史基线,15287,12553,27840,0.5491,0.4509,0.8212,,,,,,0
2026-05-27,US.DUOL,PUT,41.82,PUT 占比 55%; 暂无历史基线,2387,2864,5251,0.4546,0.5454,1.1998,,,,,,0
2026-05-27,US.MRVL,CALL,41.62,CALL 占比 54%; 暂无历史基线,142695,121273,263968,0.5406,0.4594,0.8499,,,,,,0
2026-05-27,US.NET,PUT,41.62,PUT 占比 54%; 暂无历史基线,4242,4988,9230,0.4596,0.5404,1.1759,,,,,,0
2026-05-27,US.MSTR,CALL,41.51,CALL 占比 54%; 暂无历史基线,146795,126217,273012,0.5377,0.4623,0.8598,,,,,,0
2026-05-27,US.VST,PUT,41.51,PUT 占比 54%; 暂无历史基线,13933,16211,30144,0.4622,0.5378,1.1635,,,,,,0
2026-05-27,US.REMX,CALL,41.48,CALL 占比 54%; 暂无历史基线,181,156,337,0.5371,0.4629,0.8619,,,,,,0
2026-05-27,US.ASML,CALL,41.22,CALL 占比 53%; 暂无历史基线,7714,6831,14545,0.5304,0.4696,0.8855,,,,,,0
2026-05-27,US.CRWV,PUT,40.58,PUT 占比 51%; 暂无历史基线,77670,82307,159977,0.4855,0.5145,1.0597,,,,,,0
2026-05-27,US.GEMI,PUT,40.34,PUT 占比 51%; 暂无历史基线,2639,2730,5369,0.4915,0.5085,1.0345,,,,,,0
2026-05-27,US.GDS,PUT,40.21,PUT 占比 51%; 暂无历史基线,377,385,762,0.4948,0.5052,1.0212,,,,,,0
2026-05-27,US.IBIT,CALL,40.09,CALL 占比 50%; 暂无历史基线,158606,157209,315815,0.5022,0.4978,0.9912,,,,,,0
2026-05-27,US.SCO,NONE,0,暂无期权成交,0,0,0,0.0,0.0,0.0,,,,,,0
2026-05-27,US.XYF,NONE,0,暂无期权成交,0,0,0,0.0,0.0,0.0,,,,,,0
