snapshot_date,underlying,call_volume,put_volume,total_volume,call_share,put_share,put_call_ratio,contracts_seen
2026-05-27,US.AAPL,503835,142047,645882,0.7801,0.2199,0.2819,200
2026-05-27,US.AIFC,294,10,304,0.9671,0.0329,0.034,78
2026-05-27,US.AMD,137880,93076,230956,0.597,0.403,0.6751,200
2026-05-27,US.AMZN,386239,82085,468324,0.8247,0.1753,0.2125,200
2026-05-27,US.APLD,97985,30595,128580,0.7621,0.2379,0.3122,200
2026-05-27,US.ASML,7714,6831,14545,0.5304,0.4696,0.8855,200
2026-05-27,US.ASX,11987,676,12663,0.9466,0.0534,0.0564,200
2026-05-27,US.AVGO,63619,47007,110626,0.5751,0.4249,0.7389,200
2026-05-27,US.BABA,47834,18398,66232,0.7222,0.2778,0.3846,200
2026-05-27,US.BBAI,103420,8791,112211,0.9217,0.0783,0.085,200
2026-05-27,US.BMNR,73184,23056,96240,0.7604,0.2396,0.315,200
2026-05-27,US.CBRS,21045,9709,30754,0.6843,0.3157,0.4613,200
2026-05-27,US.CLBT,290,553,843,0.344,0.656,1.9069,104
2026-05-27,US.COHR,3948,6638,10586,0.3729,0.6271,1.6814,200
2026-05-27,US.COIN,119435,43740,163175,0.7319,0.2681,0.3662,200
2026-05-27,US.CRCL,35980,12783,48763,0.7379,0.2621,0.3553,200
2026-05-27,US.CRWV,77670,82307,159977,0.4855,0.5145,1.0597,200
2026-05-27,US.CVX,19915,10553,30468,0.6536,0.3464,0.5299,200
2026-05-27,US.DELL,23882,19039,42921,0.5564,0.4436,0.7972,200
2026-05-27,US.DJT,14876,2534,17410,0.8545,0.1455,0.1703,200
2026-05-27,US.DUOL,2387,2864,5251,0.4546,0.5454,1.1998,200
2026-05-27,US.EWT,22786,2269,25055,0.9094,0.0906,0.0996,200
2026-05-27,US.FCX,18638,7280,25918,0.7191,0.2809,0.3906,200
2026-05-27,US.GDS,377,385,762,0.4948,0.5052,1.0212,200
2026-05-27,US.GEMI,2639,2730,5369,0.4915,0.5085,1.0345,200
2026-05-27,US.GEV,5123,6686,11809,0.4338,0.5662,1.3051,200
2026-05-27,US.GOOGL,119565,56833,176398,0.6778,0.3222,0.4753,200
2026-05-27,US.HOOD,135555,46330,181885,0.7453,0.2547,0.3418,200
2026-05-27,US.IBIT,158606,157209,315815,0.5022,0.4978,0.9912,200
2026-05-27,US.IBM,42394,9153,51547,0.8224,0.1776,0.2159,200
2026-05-27,US.IGV,30441,11881,42322,0.7193,0.2807,0.3903,200
2026-05-27,US.INTC,240598,129969,370567,0.6493,0.3507,0.5402,200
2026-05-27,US.IREN,446626,211604,658230,0.6785,0.3215,0.4738,200
2026-05-27,US.IWM,163841,872467,1036308,0.1581,0.8419,5.3251,200
2026-05-27,US.JD,13131,4038,17169,0.7648,0.2352,0.3075,200
2026-05-27,US.KC,885,117,1002,0.8832,0.1168,0.1322,140
2026-05-27,US.LI,12367,6732,19099,0.6475,0.3525,0.5444,200
2026-05-27,US.LITE,12030,9280,21310,0.5645,0.4355,0.7714,200
2026-05-27,US.MARA,57499,41481,98980,0.5809,0.4191,0.7214,200
2026-05-27,US.META,428723,71008,499731,0.8579,0.1421,0.1656,200
2026-05-27,US.MP,10489,4706,15195,0.6903,0.3097,0.4487,200
2026-05-27,US.MRNA,11293,2832,14125,0.7995,0.2005,0.2508,200
2026-05-27,US.MRVL,142695,121273,263968,0.5406,0.4594,0.8499,200
2026-05-27,US.MSFT,224833,54540,279373,0.8048,0.1952,0.2426,200
2026-05-27,US.MSTR,146795,126217,273012,0.5377,0.4623,0.8598,200
2026-05-27,US.NBIS,53899,68863,122762,0.4391,0.5609,1.2776,200
2026-05-27,US.NET,4242,4988,9230,0.4596,0.5404,1.1759,200
2026-05-27,US.NOW,116000,28742,144742,0.8014,0.1986,0.2478,200
2026-05-27,US.NVDA,1542454,376226,1918680,0.8039,0.1961,0.2439,200
2026-05-27,US.OKLO,37797,12909,50706,0.7454,0.2546,0.3415,200
2026-05-27,US.OPEN,162752,15463,178215,0.9132,0.0868,0.095,200
2026-05-27,US.ORCL,93394,40197,133591,0.6991,0.3009,0.4304,200
2026-05-27,US.PANW,15287,12553,27840,0.5491,0.4509,0.8212,200
2026-05-27,US.PDD,92854,70003,162857,0.5702,0.4298,0.7539,200
2026-05-27,US.PLTR,280817,92697,373514,0.7518,0.2482,0.3301,200
2026-05-27,US.QCOM,122375,47019,169394,0.7224,0.2776,0.3842,200
2026-05-27,US.QQQ,612137,884154,1496291,0.4091,0.5909,1.4444,200
2026-05-27,US.RBRK,2486,631,3117,0.7976,0.2024,0.2538,200
2026-05-27,US.RDDT,43290,10396,53686,0.8064,0.1936,0.2401,200
2026-05-27,US.REMX,181,156,337,0.5371,0.4629,0.8619,200
2026-05-27,US.RXRX,88501,1052,89553,0.9883,0.0117,0.0119,200
2026-05-27,US.SBET,24136,1683,25819,0.9348,0.0652,0.0697,200
2026-05-27,US.SCO,0,0,0,0.0,0.0,0.0,0
2026-05-27,US.SMCI,156416,39579,195995,0.7981,0.2019,0.253,200
2026-05-27,US.SOFI,261559,74242,335801,0.7789,0.2211,0.2838,200
2026-05-27,US.SOUN,33865,10197,44062,0.7686,0.2314,0.3011,200
2026-05-27,US.SOXL,56030,72285,128315,0.4367,0.5633,1.2901,200
2026-05-27,US.SOXS,235058,59506,294564,0.798,0.202,0.2532,200
2026-05-27,US.SPY,908350,1174144,2082494,0.4362,0.5638,1.2926,200
2026-05-27,US.SQQQ,53792,10086,63878,0.8421,0.1579,0.1875,200
2026-05-27,US.SVIX,863,1522,2385,0.3618,0.6382,1.7636,200
2026-05-27,US.TIGR,14516,8421,22937,0.6329,0.3671,0.5801,200
2026-05-27,US.TMF,10575,5774,16349,0.6468,0.3532,0.546,200
2026-05-27,US.TNA,6234,12578,18812,0.3314,0.6686,2.0176,200
2026-05-27,US.TSLA,918717,331362,1250079,0.7349,0.2651,0.3607,200
2026-05-27,US.TSM,91487,63110,154597,0.5918,0.4082,0.6898,200
2026-05-27,US.TWLO,2866,502,3368,0.851,0.149,0.1752,200
2026-05-27,US.UPST,11381,4442,15823,0.7193,0.2807,0.3903,200
2026-05-27,US.UVXY,18252,6586,24838,0.7348,0.2652,0.3608,200
2026-05-27,US.VST,13933,16211,30144,0.4622,0.5378,1.1635,200
2026-05-27,US.XOM,41594,19810,61404,0.6774,0.3226,0.4763,200
2026-05-27,US.XYF,0,0,0,0.0,0.0,0.0,0
2026-05-27,US.YINN,4675,1816,6491,0.7202,0.2798,0.3884,200
2026-05-28,US.AAPL,424620,124573,549193,0.7732,0.2268,0.2934,200
2026-05-28,US.ADSK,9753,7618,17371,0.5615,0.4385,0.7811,200
2026-05-28,US.AIFC,281,23,304,0.9243,0.0757,0.0819,78
2026-05-28,US.AMD,231704,81843,313547,0.739,0.261,0.3532,200
2026-05-28,US.AMZN,400438,84346,484784,0.826,0.174,0.2106,200
2026-05-28,US.APLD,80279,12031,92310,0.8697,0.1303,0.1499,200
2026-05-28,US.ASML,3987,2890,6877,0.5798,0.4202,0.7249,200
2026-05-28,US.ASX,10059,455,10514,0.9567,0.0433,0.0452,200
2026-05-28,US.AVGO,65939,24441,90380,0.7296,0.2704,0.3707,200
2026-05-28,US.BABA,68667,29345,98012,0.7006,0.2994,0.4274,200
2026-05-28,US.BBAI,258505,26301,284806,0.9077,0.0923,0.1017,200
2026-05-28,US.BMNR,94648,46522,141170,0.6705,0.3295,0.4915,200
2026-05-28,US.CBRS,16099,5674,21773,0.7394,0.2606,0.3524,200
2026-05-28,US.CLBT,458,148,606,0.7558,0.2442,0.3231,104
2026-05-28,US.COHR,5074,7414,12488,0.4063,0.5937,1.4612,200
2026-05-28,US.COIN,78514,53338,131852,0.5955,0.4045,0.6793,200
2026-05-28,US.CRCL,56463,16008,72471,0.7791,0.2209,0.2835,200
2026-05-28,US.CRM,81626,46216,127842,0.6385,0.3615,0.5662,200
2026-05-28,US.CRWD,11532,6795,18327,0.6292,0.3708,0.5892,200
2026-05-28,US.CRWV,115125,56190,171315,0.672,0.328,0.4881,200
2026-05-28,US.CVX,14043,6671,20714,0.6779,0.3221,0.475,200
2026-05-28,US.DDOG,7891,12577,20468,0.3855,0.6145,1.5938,200
2026-05-28,US.DELL,77091,38427,115518,0.6674,0.3326,0.4985,200
2026-05-28,US.DJT,19621,3126,22747,0.8626,0.1374,0.1593,200
2026-05-28,US.DUOL,2778,1111,3889,0.7143,0.2857,0.3999,200
2026-05-28,US.EWT,4217,1507,5724,0.7367,0.2633,0.3574,200
2026-05-28,US.FCX,42771,19868,62639,0.6828,0.3172,0.4645,200
2026-05-28,US.FICO,415,650,1065,0.3897,0.6103,1.5663,200
2026-05-28,US.GDS,1149,248,1397,0.8225,0.1775,0.2158,200
2026-05-28,US.GEMI,3731,844,4575,0.8155,0.1845,0.2262,200
2026-05-28,US.GEV,4757,8237,12994,0.3661,0.6339,1.7316,200
2026-05-28,US.GOOGL,106820,35247,142067,0.7519,0.2481,0.33,200
2026-05-28,US.GWRE,261,66,327,0.7982,0.2018,0.2529,200
2026-05-28,US.HOOD,519912,79590,599502,0.8672,0.1328,0.1531,200
2026-05-28,US.IBIT,213556,209775,423331,0.5045,0.4955,0.9823,200
2026-05-28,US.IBM,100602,5791,106393,0.9456,0.0544,0.0576,200
2026-05-28,US.IGV,58573,31714,90287,0.6487,0.3513,0.5414,200
2026-05-28,US.INTC,245847,83647,329494,0.7461,0.2539,0.3402,200
2026-05-28,US.INTU,5712,11923,17635,0.3239,0.6761,2.0874,200
2026-05-28,US.IREN,211460,117948,329408,0.6419,0.3581,0.5578,200
2026-05-28,US.IWM,185316,512269,697585,0.2657,0.7343,2.7643,200
2026-05-28,US.JD,50132,17544,67676,0.7408,0.2592,0.35,200
2026-05-28,US.KC,1604,27,1631,0.9834,0.0166,0.0168,140
2026-05-28,US.LI,4960,10631,15591,0.3181,0.6819,2.1433,200
2026-05-28,US.LITE,17984,8721,26705,0.6734,0.3266,0.4849,200
2026-05-28,US.MANH,47,66,113,0.4159,0.5841,1.4043,200
2026-05-28,US.MARA,110303,32766,143069,0.771,0.229,0.2971,200
2026-05-28,US.META,387311,47780,435091,0.8902,0.1098,0.1234,200
2026-05-28,US.MP,20844,4502,25346,0.8224,0.1776,0.216,200
2026-05-28,US.MRNA,9566,6790,16356,0.5849,0.4151,0.7098,200
2026-05-28,US.MRVL,192161,56894,249055,0.7716,0.2284,0.2961,200
2026-05-28,US.MSFT,803019,106237,909256,0.8832,0.1168,0.1323,200
2026-05-28,US.MSTR,384733,98623,483356,0.796,0.204,0.2563,200
2026-05-28,US.NBIS,86492,55349,141841,0.6098,0.3902,0.6399,200
2026-05-28,US.NET,22708,7479,30187,0.7522,0.2478,0.3294,200
2026-05-28,US.NOW,198078,32957,231035,0.8574,0.1426,0.1664,200
2026-05-28,US.NVDA,1458145,334866,1793011,0.8132,0.1868,0.2297,200
2026-05-28,US.OKLO,57820,12086,69906,0.8271,0.1729,0.209,200
2026-05-28,US.OPEN,207471,28812,236283,0.8781,0.1219,0.1389,200
2026-05-28,US.ORCL,360943,41747,402690,0.8963,0.1037,0.1157,200
2026-05-28,US.PANW,13695,6057,19752,0.6933,0.3067,0.4423,200
2026-05-28,US.PDD,77070,113771,190841,0.4038,0.5962,1.4762,200
2026-05-28,US.PLTR,585403,111267,696670,0.8403,0.1597,0.1901,200
2026-05-28,US.QCOM,96638,15543,112181,0.8614,0.1386,0.1608,200
2026-05-28,US.QQQ,489945,779035,1268980,0.3861,0.6139,1.59,200
2026-05-28,US.RBRK,9876,1030,10906,0.9056,0.0944,0.1043,200
2026-05-28,US.RDDT,44358,8656,53014,0.8367,0.1633,0.1951,200
2026-05-28,US.REMX,658,104,762,0.8635,0.1365,0.1581,200
2026-05-28,US.RXRX,77645,1657,79302,0.9791,0.0209,0.0213,200
2026-05-28,US.SAP,2193,901,3094,0.7088,0.2912,0.4109,200
2026-05-28,US.SBET,16754,4212,20966,0.7991,0.2009,0.2514,200
2026-05-28,US.SCO,0,0,0,0.0,0.0,0.0,200
2026-05-28,US.SMCI,445823,62516,508339,0.877,0.123,0.1402,200
2026-05-28,US.SNOW,201429,38262,239691,0.8404,0.1596,0.19,200
2026-05-28,US.SOFI,328357,85609,413966,0.7932,0.2068,0.2607,200
2026-05-28,US.SOUN,106869,15584,122453,0.8727,0.1273,0.1458,200
2026-05-28,US.SOXL,37607,22279,59886,0.628,0.372,0.5924,200
2026-05-28,US.SOXS,164253,30357,194610,0.844,0.156,0.1848,200
2026-05-28,US.SPY,670799,1387239,2058038,0.3259,0.6741,2.068,200
2026-05-28,US.SQQQ,43772,27119,70891,0.6175,0.3825,0.6196,200
2026-05-28,US.SVIX,5002,2761,7763,0.6443,0.3557,0.552,200
2026-05-28,US.TIGR,4865,18599,23464,0.2073,0.7927,3.823,200
2026-05-28,US.TMF,10934,6750,17684,0.6183,0.3817,0.6173,200
2026-05-28,US.TNA,12542,10238,22780,0.5506,0.4494,0.8163,200
2026-05-28,US.TSLA,920281,442484,1362765,0.6753,0.3247,0.4808,200
2026-05-28,US.TSM,50038,25057,75095,0.6663,0.3337,0.5008,200
2026-05-28,US.TWLO,2620,1714,4334,0.6045,0.3955,0.6542,200
2026-05-28,US.UPST,18359,11744,30103,0.6099,0.3901,0.6397,200
2026-05-28,US.UVXY,22871,5754,28625,0.799,0.201,0.2516,200
2026-05-28,US.VEEV,607,841,1448,0.4192,0.5808,1.3855,200
2026-05-28,US.VST,10489,4472,14961,0.7011,0.2989,0.4264,200
2026-05-28,US.WDAY,5720,2623,8343,0.6856,0.3144,0.4586,200
2026-05-28,US.XOM,19945,15079,35024,0.5695,0.4305,0.756,200
2026-05-28,US.XYF,0,0,0,0.0,0.0,0.0,0
2026-05-28,US.YINN,5791,4296,10087,0.5741,0.4259,0.7418,200
2026-05-29,US.AAPL,919506,153459,1072965,0.857,0.143,0.1669,200
2026-05-29,US.ADSK,4333,14494,18827,0.2301,0.7699,3.345,200
2026-05-29,US.AIFC,265,20,285,0.9298,0.0702,0.0755,78
2026-05-29,US.AMD,165130,99481,264611,0.624,0.376,0.6024,200
2026-05-29,US.AMZN,411306,85289,496595,0.8283,0.1717,0.2074,200
2026-05-29,US.APLD,51773,10465,62238,0.8319,0.1681,0.2021,200
2026-05-29,US.ASML,9652,5473,15125,0.6381,0.3619,0.567,200
2026-05-29,US.ASX,4795,1365,6160,0.7784,0.2216,0.2847,200
2026-05-29,US.AVGO,226802,20779,247581,0.9161,0.0839,0.0916,200
2026-05-29,US.BABA,66928,27115,94043,0.7117,0.2883,0.4051,200
2026-05-29,US.BBAI,258806,29116,287922,0.8989,0.1011,0.1125,200
2026-05-29,US.BMNR,120399,60039,180438,0.6673,0.3327,0.4987,200
2026-05-29,US.CBRS,8475,5753,14228,0.5957,0.4043,0.6788,200
2026-05-29,US.CLBT,995,32,1027,0.9688,0.0312,0.0322,104
2026-05-29,US.COHR,11554,16405,27959,0.4132,0.5868,1.4199,200
2026-05-29,US.COIN,133363,45545,178908,0.7454,0.2546,0.3415,200
2026-05-29,US.CRCL,86594,26428,113022,0.7662,0.2338,0.3052,200
2026-05-29,US.CRM,183799,26869,210668,0.8725,0.1275,0.1462,200
2026-05-29,US.CRWD,25565,5691,31256,0.8179,0.1821,0.2226,200
2026-05-29,US.CRWV,170593,50174,220767,0.7727,0.2273,0.2941,200
2026-05-29,US.CVX,21898,15987,37885,0.578,0.422,0.7301,200
2026-05-29,US.DDOG,19080,8902,27982,0.6819,0.3181,0.4666,200
2026-05-29,US.DELL,244845,66633,311478,0.7861,0.2139,0.2721,200
2026-05-29,US.DJT,52250,14499,66749,0.7828,0.2172,0.2775,200
2026-05-29,US.DUOL,5309,891,6200,0.8563,0.1437,0.1678,200
2026-05-29,US.EWT,12313,918,13231,0.9306,0.0694,0.0746,200
2026-05-29,US.FCX,33195,14977,48172,0.6891,0.3109,0.4512,200
2026-05-29,US.FICO,263,362,625,0.4208,0.5792,1.3764,200
2026-05-29,US.GDS,11000,305,11305,0.973,0.027,0.0277,200
2026-05-29,US.GEMI,4565,1861,6426,0.7104,0.2896,0.4077,200
2026-05-29,US.GEV,5382,12639,18021,0.2987,0.7013,2.3484,200
2026-05-29,US.GOOGL,247107,83644,330751,0.7471,0.2529,0.3385,200
2026-05-29,US.GWRE,629,193,822,0.7652,0.2348,0.3068,200
2026-05-29,US.HOOD,637569,104878,742447,0.8587,0.1413,0.1645,200
2026-05-29,US.IBIT,406060,207108,613168,0.6622,0.3378,0.51,200
2026-05-29,US.IBM,237374,28144,265518,0.894,0.106,0.1186,200
2026-05-29,US.IGV,267155,477166,744321,0.3589,0.6411,1.7861,200
2026-05-29,US.INTC,441959,142891,584850,0.7557,0.2443,0.3233,200
2026-05-29,US.INTU,12998,5446,18444,0.7047,0.2953,0.419,200
2026-05-29,US.IREN,153867,136716,290583,0.5295,0.4705,0.8885,200
2026-05-29,US.IWM,502185,655790,1157975,0.4337,0.5663,1.3059,200
2026-05-29,US.JD,23465,9385,32850,0.7143,0.2857,0.4,200
2026-05-29,US.KC,1834,336,2170,0.8452,0.1548,0.1832,140
2026-05-29,US.LI,5185,2911,8096,0.6404,0.3596,0.5614,200
2026-05-29,US.LITE,9534,12693,22227,0.4289,0.5711,1.3313,200
2026-05-29,US.MANH,26,59,85,0.3059,0.6941,2.2692,200
2026-05-29,US.MARA,337605,43051,380656,0.8869,0.1131,0.1275,200
2026-05-29,US.META,411482,90074,501556,0.8204,0.1796,0.2189,200
2026-05-29,US.MP,14782,5779,20561,0.7189,0.2811,0.3909,200
2026-05-29,US.MRNA,94670,8190,102860,0.9204,0.0796,0.0865,200
2026-05-29,US.MRVL,112345,37830,150175,0.7481,0.2519,0.3367,200
2026-05-29,US.MSFT,1155737,124034,1279771,0.9031,0.0969,0.1073,200
2026-05-29,US.MSTR,331675,165740,497415,0.6668,0.3332,0.4997,200
2026-05-29,US.NBIS,113940,44607,158547,0.7187,0.2813,0.3915,200
2026-05-29,US.NET,21303,3650,24953,0.8537,0.1463,0.1713,200
2026-05-29,US.NOW,359614,48113,407727,0.882,0.118,0.1338,200
2026-05-29,US.NVDA,2414967,714226,3129193,0.7718,0.2282,0.2957,200
2026-05-29,US.OKLO,67968,47478,115446,0.5887,0.4113,0.6985,200
2026-05-29,US.OPEN,124462,17867,142329,0.8745,0.1255,0.1436,200
2026-05-29,US.ORCL,562881,41429,604310,0.9314,0.0686,0.0736,200
2026-05-29,US.PANW,66350,12415,78765,0.8424,0.1576,0.1871,200
2026-05-29,US.PDD,38908,32932,71840,0.5416,0.4584,0.8464,200
2026-05-29,US.PLTR,1001204,176484,1177688,0.8501,0.1499,0.1763,200
2026-05-29,US.QCOM,124826,17168,141994,0.8791,0.1209,0.1375,200
2026-05-29,US.QQQ,2583090,1820242,4403332,0.5866,0.4134,0.7047,200
2026-05-29,US.RBRK,14407,2850,17257,0.8348,0.1652,0.1978,200
2026-05-29,US.RDDT,41592,5778,47370,0.878,0.122,0.1389,200
2026-05-29,US.REMX,246,195,441,0.5578,0.4422,0.7927,200
2026-05-29,US.RXRX,60012,3253,63265,0.9486,0.0514,0.0542,200
2026-05-29,US.SAP,5863,1810,7673,0.7641,0.2359,0.3087,200
2026-05-29,US.SBET,22098,17589,39687,0.5568,0.4432,0.796,200
2026-05-29,US.SCO,4348,1815,6163,0.7055,0.2945,0.4174,200
2026-05-29,US.SMCI,675472,66594,742066,0.9103,0.0897,0.0986,200
2026-05-29,US.SNOW,119120,20506,139626,0.8531,0.1469,0.1721,200
2026-05-29,US.SOFI,682444,107610,790054,0.8638,0.1362,0.1577,200
2026-05-29,US.SOUN,229858,18617,248475,0.9251,0.0749,0.081,200
2026-05-29,US.SOXL,45807,37811,83618,0.5478,0.4522,0.8254,200
2026-05-29,US.SOXS,200988,49630,250618,0.802,0.198,0.2469,200
2026-05-29,US.SPY,3943741,3080957,7024698,0.5614,0.4386,0.7812,200
2026-05-29,US.SQQQ,67448,17146,84594,0.7973,0.2027,0.2542,200
2026-05-29,US.SVIX,2218,3563,5781,0.3837,0.6163,1.6064,200
2026-05-29,US.TIGR,12271,50878,63149,0.1943,0.8057,4.1462,200
2026-05-29,US.TMF,12085,7270,19355,0.6244,0.3756,0.6016,200
2026-05-29,US.TNA,13046,16619,29665,0.4398,0.5602,1.2739,200
2026-05-29,US.TSLA,1905380,937199,2842579,0.6703,0.3297,0.4919,200
2026-05-29,US.TSM,57767,30650,88417,0.6533,0.3467,0.5306,200
2026-05-29,US.TWLO,5234,1295,6529,0.8017,0.1983,0.2474,200
2026-05-29,US.UPST,30790,9137,39927,0.7712,0.2288,0.2968,200
2026-05-29,US.UVXY,28169,13964,42133,0.6686,0.3314,0.4957,200
2026-05-29,US.VEEV,2920,1085,4005,0.7291,0.2709,0.3716,200
2026-05-29,US.VST,15114,4960,20074,0.7529,0.2471,0.3282,200
2026-05-29,US.WDAY,18111,6600,24711,0.7329,0.2671,0.3644,200
2026-05-29,US.XOM,26106,18579,44685,0.5842,0.4158,0.7117,200
2026-05-29,US.XYF,0,0,0,0.0,0.0,0.0,0
2026-05-29,US.YINN,3421,5060,8481,0.4034,0.5966,1.4791,200
2026-06-01,US.AAPL,287180,112585,399765,0.7184,0.2816,0.392,200
2026-06-01,US.ADSK,3637,6345,9982,0.3644,0.6356,1.7446,200
2026-06-01,US.AIFC,368,0,368,1.0,0.0,0.0,78
2026-06-01,US.AMD,117581,86409,203990,0.5764,0.4236,0.7349,200
2026-06-01,US.AMZN,657199,96540,753739,0.8719,0.1281,0.1469,200
2026-06-01,US.APLD,48118,17818,65936,0.7298,0.2702,0.3703,200
2026-06-01,US.ASML,11386,3486,14872,0.7656,0.2344,0.3062,200
2026-06-01,US.ASX,3101,622,3723,0.8329,0.1671,0.2006,200
2026-06-01,US.AVGO,121712,31481,153193,0.7945,0.2055,0.2587,200
2026-06-01,US.BABA,81583,20006,101589,0.8031,0.1969,0.2452,200
2026-06-01,US.BBAI,160269,18251,178520,0.8978,0.1022,0.1139,200
2026-06-01,US.BMNR,75116,47522,122638,0.6125,0.3875,0.6326,200
2026-06-01,US.CBRS,13245,8222,21467,0.617,0.383,0.6208,200
2026-06-01,US.CLBT,1147,139,1286,0.8919,0.1081,0.1212,104
2026-06-01,US.COHR,9354,11131,20485,0.4566,0.5434,1.19,200
2026-06-01,US.COIN,46619,24507,71126,0.6554,0.3446,0.5257,200
2026-06-01,US.CRCL,33868,12416,46284,0.7317,0.2683,0.3666,200
2026-06-01,US.CRM,185453,24038,209491,0.8853,0.1147,0.1296,200
2026-06-01,US.CRWD,20187,4650,24837,0.8128,0.1872,0.2303,200
2026-06-01,US.CRWV,355585,30926,386511,0.92,0.08,0.087,200
2026-06-01,US.CVX,24989,11954,36943,0.6764,0.3236,0.4784,200
2026-06-01,US.DDOG,29375,24981,54356,0.5404,0.4596,0.8504,200
2026-06-01,US.DELL,69187,20590,89777,0.7707,0.2293,0.2976,200
2026-06-01,US.DJT,24242,2128,26370,0.9193,0.0807,0.0878,200
2026-06-01,US.DUOL,6488,3316,9804,0.6618,0.3382,0.5111,200
2026-06-01,US.EWT,6172,1129,7301,0.8454,0.1546,0.1829,200
2026-06-01,US.FCX,27055,12429,39484,0.6852,0.3148,0.4594,200
2026-06-01,US.FICO,476,643,1119,0.4254,0.5746,1.3508,200
2026-06-01,US.FUTU,6443,7937,14380,0.4481,0.5519,1.2319,200
2026-06-01,US.GDS,1401,250,1651,0.8486,0.1514,0.1784,200
2026-06-01,US.GEMI,1956,1264,3220,0.6075,0.3925,0.6462,200
2026-06-01,US.GEV,3773,8361,12134,0.3109,0.6891,2.216,200
2026-06-01,US.GOOGL,76079,38394,114473,0.6646,0.3354,0.5047,200
2026-06-01,US.GWRE,1449,591,2040,0.7103,0.2897,0.4079,200
2026-06-01,US.HOOD,250527,51832,302359,0.8286,0.1714,0.2069,200
2026-06-01,US.HPE,243820,75816,319636,0.7628,0.2372,0.311,200
2026-06-01,US.IBIT,132198,150677,282875,0.4673,0.5327,1.1398,200
2026-06-01,US.IBM,169395,25993,195388,0.867,0.133,0.1534,200
2026-06-01,US.IGV,227140,88432,315572,0.7198,0.2802,0.3893,200
2026-06-01,US.INTC,288950,160415,449365,0.643,0.357,0.5552,200
2026-06-01,US.INTU,19461,6106,25567,0.7612,0.2388,0.3138,200
2026-06-01,US.IREN,214994,28023,243017,0.8847,0.1153,0.1303,200
2026-06-01,US.IWM,161366,549451,710817,0.227,0.773,3.405,200
2026-06-01,US.JD,21361,9774,31135,0.6861,0.3139,0.4576,200
2026-06-01,US.KC,1602,66,1668,0.9604,0.0396,0.0412,140
2026-06-01,US.LI,5382,4256,9638,0.5584,0.4416,0.7908,200
2026-06-01,US.LITE,14280,6307,20587,0.6936,0.3064,0.4417,200
2026-06-01,US.MANH,217,21,238,0.9118,0.0882,0.0968,200
2026-06-01,US.MARA,119182,31130,150312,0.7929,0.2071,0.2612,200
2026-06-01,US.MDB,31216,10550,41766,0.7474,0.2526,0.338,200
2026-06-01,US.META,334689,58937,393626,0.8503,0.1497,0.1761,200
2026-06-01,US.MP,33127,7641,40768,0.8126,0.1874,0.2307,200
2026-06-01,US.MRNA,12410,8321,20731,0.5986,0.4014,0.6705,200
2026-06-01,US.MRVL,121866,28820,150686,0.8087,0.1913,0.2365,200
2026-06-01,US.MSFT,639489,27238,666727,0.9591,0.0409,0.0426,200
2026-06-01,US.MSTR,86902,70069,156971,0.5536,0.4464,0.8063,200
2026-06-01,US.NBIS,95211,45998,141209,0.6743,0.3257,0.4831,200
2026-06-01,US.NET,52644,21470,74114,0.7103,0.2897,0.4078,200
2026-06-01,US.NOW,258660,67665,326325,0.7926,0.2074,0.2616,200
2026-06-01,US.NVDA,1487945,236760,1724705,0.8627,0.1373,0.1591,200
2026-06-01,US.OKLO,65544,8067,73611,0.8904,0.1096,0.1231,200
2026-06-01,US.OPEN,195355,26760,222115,0.8795,0.1205,0.137,200
2026-06-01,US.ORCL,486437,55028,541465,0.8984,0.1016,0.1131,200
2026-06-01,US.PANW,40851,17095,57946,0.705,0.295,0.4185,200
2026-06-01,US.PDD,41473,14987,56460,0.7346,0.2654,0.3614,200
2026-06-01,US.PLTR,515146,83837,598983,0.86,0.14,0.1627,200
2026-06-01,US.QCOM,86929,26718,113647,0.7649,0.2351,0.3074,200
2026-06-01,US.QQQ,437413,551148,988561,0.4425,0.5575,1.26,200
2026-06-01,US.RBRK,13182,1570,14752,0.8936,0.1064,0.1191,200
2026-06-01,US.RDDT,54887,4352,59239,0.9265,0.0735,0.0793,200
2026-06-01,US.REMX,134,297,431,0.3109,0.6891,2.2164,200
2026-06-01,US.RXRX,42083,3508,45591,0.9231,0.0769,0.0834,200
2026-06-01,US.SAP,12862,1663,14525,0.8855,0.1145,0.1293,200
2026-06-01,US.SBET,34134,4376,38510,0.8864,0.1136,0.1282,200
2026-06-01,US.SCO,5785,5054,10839,0.5337,0.4663,0.8736,200
2026-06-01,US.SMCI,176623,83911,260534,0.6779,0.3221,0.4751,200
2026-06-01,US.SNOW,62416,22393,84809,0.736,0.264,0.3588,200
2026-06-01,US.SOFI,334291,51566,385857,0.8664,0.1336,0.1543,200
2026-06-01,US.SOUN,118451,20382,138833,0.8532,0.1468,0.1721,200
2026-06-01,US.SOXL,26880,27399,54279,0.4952,0.5048,1.0193,200
2026-06-01,US.SOXS,135598,31854,167452,0.8098,0.1902,0.2349,200
2026-06-01,US.SPY,707506,881228,1588734,0.4453,0.5547,1.2455,200
2026-06-01,US.SQQQ,44289,9150,53439,0.8288,0.1712,0.2066,200
2026-06-01,US.SVIX,3261,3357,6618,0.4927,0.5073,1.0294,200
2026-06-01,US.TEAM,17651,2268,19919,0.8861,0.1139,0.1285,200
2026-06-01,US.TIGR,18069,31702,49771,0.363,0.637,1.7545,200
2026-06-01,US.TMF,7333,6565,13898,0.5276,0.4724,0.8953,200
2026-06-01,US.TNA,9691,13672,23363,0.4148,0.5852,1.4108,200
2026-06-01,US.TSLA,611802,305642,917444,0.6669,0.3331,0.4996,200
2026-06-01,US.TSM,127318,43143,170461,0.7469,0.2531,0.3389,200
2026-06-01,US.TWLO,17750,5025,22775,0.7794,0.2206,0.2831,200
2026-06-01,US.UPST,14470,6096,20566,0.7036,0.2964,0.4213,200
2026-06-01,US.UVXY,19072,5048,24120,0.7907,0.2093,0.2647,200
2026-06-01,US.VEEV,7282,2482,9764,0.7458,0.2542,0.3408,200
2026-06-01,US.VST,12502,6145,18647,0.6705,0.3295,0.4915,200
2026-06-01,US.WDAY,15441,6452,21893,0.7053,0.2947,0.4178,200
2026-06-01,US.XOM,54635,13689,68324,0.7996,0.2004,0.2506,200
2026-06-01,US.XYF,0,0,0,0.0,0.0,0.0,0
2026-06-01,US.YINN,5523,2091,7614,0.7254,0.2746,0.3786,200
2026-06-02,US.AAPL,659695,188266,847961,0.778,0.222,0.2854,200
2026-06-02,US.ADSK,2244,1470,3714,0.6042,0.3958,0.6551,200
2026-06-02,US.AMD,95971,30778,126749,0.7572,0.2428,0.3207,200
2026-06-02,US.AMZN,293344,98355,391699,0.7489,0.2511,0.3353,200
2026-06-02,US.APLD,38613,7968,46581,0.8289,0.1711,0.2064,200
2026-06-02,US.ASML,9337,3427,12764,0.7315,0.2685,0.367,200
2026-06-02,US.ASX,7219,1198,8417,0.8577,0.1423,0.166,200
2026-06-02,US.AVGO,185326,36826,222152,0.8342,0.1658,0.1987,200
2026-06-02,US.BABA,135144,19602,154746,0.8733,0.1267,0.145,200
2026-06-02,US.BBAI,83295,18984,102279,0.8144,0.1856,0.2279,200
2026-06-02,US.BMNR,94759,37444,132203,0.7168,0.2832,0.3951,200
2026-06-02,US.CBRS,15650,5122,20772,0.7534,0.2466,0.3273,200
2026-06-02,US.COHR,22193,10479,32672,0.6793,0.3207,0.4722,200
2026-06-02,US.COIN,45423,35499,80922,0.5613,0.4387,0.7815,200
2026-06-02,US.CRCL,44013,18370,62383,0.7055,0.2945,0.4174,200
2026-06-02,US.CRM,71069,27929,98998,0.7179,0.2821,0.393,200
2026-06-02,US.CRWD,12063,6004,18067,0.6677,0.3323,0.4977,200
2026-06-02,US.CRWV,140958,20642,161600,0.8723,0.1277,0.1464,200
2026-06-02,US.CVX,10960,4966,15926,0.6882,0.3118,0.4531,200
2026-06-02,US.DDOG,12799,6332,19131,0.669,0.331,0.4947,200
2026-06-02,US.DELL,39028,19740,58768,0.6641,0.3359,0.5058,200
2026-06-02,US.DJT,12024,2998,15022,0.8004,0.1996,0.2493,200
2026-06-02,US.DUOL,3892,2357,6249,0.6228,0.3772,0.6056,200
2026-06-02,US.EWT,10972,4312,15284,0.7179,0.2821,0.393,200
2026-06-02,US.FCX,81250,37272,118522,0.6855,0.3145,0.4587,200
2026-06-02,US.FUTU,5599,6795,12394,0.4518,0.5482,1.2136,200
2026-06-02,US.GDS,832,44,876,0.9498,0.0502,0.0529,200
2026-06-02,US.GEMI,1714,1788,3502,0.4894,0.5106,1.0432,200
2026-06-02,US.GEV,3296,3766,7062,0.4667,0.5333,1.1426,200
2026-06-02,US.GOOGL,300678,160182,460860,0.6524,0.3476,0.5327,200
2026-06-02,US.HOOD,189313,34485,223798,0.8459,0.1541,0.1822,200
2026-06-02,US.HPE,334126,66543,400669,0.8339,0.1661,0.1992,200
2026-06-02,US.IBIT,196736,460185,656921,0.2995,0.7005,2.3391,200
2026-06-02,US.IBM,88844,15277,104121,0.8533,0.1467,0.172,200
2026-06-02,US.IGV,90875,38944,129819,0.7,0.3,0.4285,200
2026-06-02,US.INTC,406675,79553,486228,0.8364,0.1636,0.1956,200
2026-06-02,US.INTU,12468,9691,22159,0.5627,0.4373,0.7773,200
2026-06-02,US.IREN,233578,40245,273823,0.853,0.147,0.1723,200
2026-06-02,US.IWM,129763,273617,403380,0.3217,0.6783,2.1086,200
2026-06-02,US.JD,37081,19723,56804,0.6528,0.3472,0.5319,200
2026-06-02,US.LI,5571,6074,11645,0.4784,0.5216,1.0903,200
2026-06-02,US.LITE,17241,5572,22813,0.7558,0.2442,0.3232,200
2026-06-02,US.MARA,56650,31670,88320,0.6414,0.3586,0.559,200
2026-06-02,US.MDB,7585,3698,11283,0.6723,0.3277,0.4875,200
2026-06-02,US.META,334727,78503,413230,0.81,0.19,0.2345,200
2026-06-02,US.MP,19814,3316,23130,0.8566,0.1434,0.1674,200
2026-06-02,US.MRNA,8976,6152,15128,0.5933,0.4067,0.6854,200
2026-06-02,US.MRVL,344043,59984,404027,0.8515,0.1485,0.1744,200
2026-06-02,US.MSFT,460627,70646,531273,0.867,0.133,0.1534,200
2026-06-02,US.MSTR,93735,216637,310372,0.302,0.698,2.3112,200
2026-06-02,US.NBIS,57470,32925,90395,0.6358,0.3642,0.5729,200
2026-06-02,US.NET,13041,2579,15620,0.8349,0.1651,0.1978,200
2026-06-02,US.NOW,162159,29684,191843,0.8453,0.1547,0.1831,200
2026-06-02,US.NVDA,2251686,459745,2711431,0.8304,0.1696,0.2042,200
2026-06-02,US.OKLO,148669,21993,170662,0.8711,0.1289,0.1479,200
2026-06-02,US.OPEN,256926,12488,269414,0.9536,0.0464,0.0486,200
2026-06-02,US.ORCL,175427,78808,254235,0.69,0.31,0.4492,200
2026-06-02,US.PANW,70985,45224,116209,0.6108,0.3892,0.6371,200
2026-06-02,US.PDD,36434,9453,45887,0.794,0.206,0.2595,200
2026-06-02,US.PLTR,271269,106066,377335,0.7189,0.2811,0.391,200
2026-06-02,US.QCOM,74044,19944,93988,0.7878,0.2122,0.2694,200
2026-06-02,US.QQQ,510922,456616,967538,0.5281,0.4719,0.8937,200
2026-06-02,US.RBRK,11321,1101,12422,0.9114,0.0886,0.0973,200
2026-06-02,US.RDDT,26977,6239,33216,0.8122,0.1878,0.2313,200
2026-06-02,US.RXRX,19203,2227,21430,0.8961,0.1039,0.116,200
2026-06-02,US.SAP,4691,903,5594,0.8386,0.1614,0.1925,200
2026-06-02,US.SBET,5753,10415,16168,0.3558,0.6442,1.8104,200
2026-06-02,US.SCO,2495,2856,5351,0.4663,0.5337,1.1447,200
2026-06-02,US.SMCI,229713,32743,262456,0.8752,0.1248,0.1425,200
2026-06-02,US.SNOW,39648,13099,52747,0.7517,0.2483,0.3304,200
2026-06-02,US.SOFI,256294,47949,304243,0.8424,0.1576,0.1871,200
2026-06-02,US.SOUN,56217,10763,66980,0.8393,0.1607,0.1915,200
2026-06-02,US.SOXL,43316,30330,73646,0.5882,0.4118,0.7002,200
2026-06-02,US.SOXS,223201,57848,281049,0.7942,0.2058,0.2592,200
2026-06-02,US.SPY,627593,696701,1324294,0.4739,0.5261,1.1101,200
2026-06-02,US.SQQQ,42997,7830,50827,0.8459,0.1541,0.1821,200
2026-06-02,US.SVIX,947,3500,4447,0.213,0.787,3.6959,200
2026-06-02,US.TEAM,10298,4139,14437,0.7133,0.2867,0.4019,200
2026-06-02,US.TIGR,14491,5333,19824,0.731,0.269,0.368,200
2026-06-02,US.TMF,7116,2343,9459,0.7523,0.2477,0.3293,200
2026-06-02,US.TNA,8310,10078,18388,0.4519,0.5481,1.2128,200
2026-06-02,US.TSLA,949597,464879,1414476,0.6713,0.3287,0.4896,200
2026-06-02,US.TSM,37875,22897,60772,0.6232,0.3768,0.6045,200
2026-06-02,US.TWLO,6327,1827,8154,0.7759,0.2241,0.2888,200
2026-06-02,US.UPST,11240,3185,14425,0.7792,0.2208,0.2834,200
2026-06-02,US.UVXY,10059,5133,15192,0.6621,0.3379,0.5103,200
2026-06-02,US.VEEV,5699,1588,7287,0.7821,0.2179,0.2786,200
2026-06-02,US.VST,18927,5547,24474,0.7734,0.2266,0.2931,200
2026-06-02,US.WDAY,8503,3620,12123,0.7014,0.2986,0.4257,200
2026-06-02,US.XOM,20474,6517,26991,0.7585,0.2415,0.3183,200
2026-06-02,US.YINN,10654,3659,14313,0.7444,0.2556,0.3434,200
2026-06-02,US.GFS,12267,3223,15490,0.7919,0.2081,0.2627,200
2026-06-02,US.NOK,444609,106002,550611,0.8075,0.1925,0.2384,200
2026-06-02,US.AEHR,5950,3522,9472,0.6282,0.3718,0.5919,200
2026-06-04,US.AAPL,213870,75626,289496,0.7388,0.2612,0.3536,200
2026-06-04,US.ADSK,516,421,937,0.5507,0.4493,0.8159,200
2026-06-04,US.AEHR,1546,1994,3540,0.4367,0.5633,1.2898,200
2026-06-04,US.AMD,105631,50378,156009,0.6771,0.3229,0.4769,200
2026-06-04,US.AMZN,194216,76940,271156,0.7163,0.2837,0.3962,200
2026-06-04,US.APLD,14146,9170,23316,0.6067,0.3933,0.6482,200
2026-06-04,US.ASML,4010,1475,5485,0.7311,0.2689,0.3678,200
2026-06-04,US.ASX,2616,311,2927,0.8937,0.1063,0.1189,200
2026-06-04,US.AVGO,161077,130406,291483,0.5526,0.4474,0.8096,200
2026-06-04,US.BABA,34845,7409,42254,0.8247,0.1753,0.2126,200
2026-06-04,US.BBAI,27438,5467,32905,0.8339,0.1661,0.1992,200
2026-06-04,US.BMNR,35698,19872,55570,0.6424,0.3576,0.5567,200
2026-06-04,US.CBRS,12645,3173,15818,0.7994,0.2006,0.2509,200
2026-06-04,US.COHR,7423,5162,12585,0.5898,0.4102,0.6954,200
2026-06-04,US.COIN,62337,17130,79467,0.7844,0.2156,0.2748,200
2026-06-04,US.CRCL,33426,13325,46751,0.715,0.285,0.3986,200
2026-06-04,US.CRM,25113,10636,35749,0.7025,0.2975,0.4235,200
2026-06-04,US.CRWD,15893,14107,30000,0.5298,0.4702,0.8876,200
2026-06-04,US.CRWV,54505,28683,83188,0.6552,0.3448,0.5262,200
2026-06-04,US.CVX,6736,3343,10079,0.6683,0.3317,0.4963,200
2026-06-04,US.DDOG,3297,4705,8002,0.412,0.588,1.4271,200
2026-06-04,US.DELL,14644,14214,28858,0.5075,0.4925,0.9706,200
2026-06-04,US.DJT,15729,2142,17871,0.8801,0.1199,0.1362,200
2026-06-04,US.DUOL,1235,1104,2339,0.528,0.472,0.8939,200
2026-06-04,US.EWT,11147,507,11654,0.9565,0.0435,0.0455,200
2026-06-04,US.FCX,31832,5349,37181,0.8561,0.1439,0.168,200
2026-06-04,US.FUTU,2195,4421,6616,0.3318,0.6682,2.0141,200
2026-06-04,US.GDS,339,87,426,0.7958,0.2042,0.2566,200
2026-06-04,US.GEMI,1250,57,1307,0.9564,0.0436,0.0456,200
2026-06-04,US.GEV,2100,2509,4609,0.4556,0.5444,1.1948,200
2026-06-04,US.GFS,3230,956,4186,0.7716,0.2284,0.296,200
2026-06-04,US.GOOGL,220933,47704,268637,0.8224,0.1776,0.2159,200
2026-06-04,US.HOOD,192193,17896,210089,0.9148,0.0852,0.0931,200
2026-06-04,US.HPE,40506,7913,48419,0.8366,0.1634,0.1954,200
2026-06-04,US.IBIT,158573,240977,399550,0.3969,0.6031,1.5197,200
2026-06-04,US.IBM,23556,6519,30075,0.7832,0.2168,0.2767,200
2026-06-04,US.IGV,20727,40089,60816,0.3408,0.6592,1.9341,200
2026-06-04,US.INTC,168428,45720,214148,0.7865,0.2135,0.2715,200
2026-06-04,US.INTU,3397,2844,6241,0.5443,0.4557,0.8372,200
2026-06-04,US.IREN,114842,45804,160646,0.7149,0.2851,0.3988,200
2026-06-04,US.IWM,511168,794593,1305761,0.3915,0.6085,1.5545,200
2026-06-04,US.JD,7306,1442,8748,0.8352,0.1648,0.1974,200
2026-06-04,US.LI,2125,2504,4629,0.4591,0.5409,1.1784,200
2026-06-04,US.LITE,5045,6732,11777,0.4284,0.5716,1.3344,200
2026-06-04,US.MARA,45338,18065,63403,0.7151,0.2849,0.3985,200
2026-06-04,US.MDB,15375,1505,16880,0.9108,0.0892,0.0979,200
2026-06-04,US.META,294521,46500,341021,0.8636,0.1364,0.1579,200
2026-06-04,US.MP,8206,4426,12632,0.6496,0.3504,0.5394,200
2026-06-04,US.MRNA,61531,9670,71201,0.8642,0.1358,0.1572,200
2026-06-04,US.MRVL,147466,36365,183831,0.8022,0.1978,0.2466,200
2026-06-04,US.MSFT,170326,39905,210231,0.8102,0.1898,0.2343,200
2026-06-04,US.MSTR,89790,121800,211590,0.4244,0.5756,1.3565,200
2026-06-04,US.NBIS,33017,13789,46806,0.7054,0.2946,0.4176,200
2026-06-04,US.NET,7210,7603,14813,0.4867,0.5133,1.0545,200
2026-06-04,US.NOK,379675,54805,434480,0.8739,0.1261,0.1443,200
2026-06-04,US.NOW,84979,16451,101430,0.8378,0.1622,0.1936,200
2026-06-04,US.NVDA,934113,357522,1291635,0.7232,0.2768,0.3827,200
2026-06-04,US.OKLO,31417,7212,38629,0.8133,0.1867,0.2296,200
2026-06-04,US.OPEN,51611,6134,57745,0.8938,0.1062,0.1189,200
2026-06-04,US.ORCL,110212,26575,136787,0.8057,0.1943,0.2411,200
2026-06-04,US.PANW,14433,14621,29054,0.4968,0.5032,1.013,200
2026-06-04,US.PDD,7902,5280,13182,0.5995,0.4005,0.6682,200
2026-06-04,US.PLTR,195884,68115,263999,0.742,0.258,0.3477,200
2026-06-04,US.QCOM,54229,11131,65360,0.8297,0.1703,0.2053,200
2026-06-04,US.QQQ,1733149,1444575,3177724,0.5454,0.4546,0.8335,200
2026-06-04,US.RBRK,13137,2137,15274,0.8601,0.1399,0.1627,200
2026-06-04,US.RDDT,46510,8160,54670,0.8507,0.1493,0.1754,200
2026-06-04,US.RXRX,44176,1472,45648,0.9678,0.0322,0.0333,200
2026-06-04,US.SAP,4792,418,5210,0.9198,0.0802,0.0872,200
2026-06-04,US.SBET,19579,761,20340,0.9626,0.0374,0.0389,200
2026-06-04,US.SCO,2937,2565,5502,0.5338,0.4662,0.8733,200
2026-06-04,US.SMCI,72837,20402,93239,0.7812,0.2188,0.2801,200
2026-06-04,US.SNOW,19985,4875,24860,0.8039,0.1961,0.2439,200
2026-06-04,US.SOFI,125451,29037,154488,0.812,0.188,0.2315,200
2026-06-04,US.SOUN,21648,4284,25932,0.8348,0.1652,0.1979,200
2026-06-04,US.SOXL,31501,35657,67158,0.4691,0.5309,1.1319,200
2026-06-04,US.SOXS,232202,52311,284513,0.8161,0.1839,0.2253,200
2026-06-04,US.SPY,2537183,1990728,4527911,0.5603,0.4397,0.7846,200
2026-06-04,US.SQQQ,40484,10376,50860,0.796,0.204,0.2563,200
2026-06-04,US.SVIX,357,632,989,0.361,0.639,1.7703,200
2026-06-04,US.TEAM,2077,472,2549,0.8148,0.1852,0.2273,200
2026-06-04,US.TIGR,3864,2808,6672,0.5791,0.4209,0.7267,200
2026-06-04,US.TMF,2518,1986,4504,0.5591,0.4409,0.7887,200
2026-06-04,US.TNA,4620,4509,9129,0.5061,0.4939,0.976,200
2026-06-04,US.TSLA,714165,343971,1058136,0.6749,0.3251,0.4816,200
2026-06-04,US.TSM,58882,49164,108046,0.545,0.455,0.835,200
2026-06-04,US.TWLO,4550,1574,6124,0.743,0.257,0.3459,200
2026-06-04,US.UPST,6966,1771,8737,0.7973,0.2027,0.2542,200
2026-06-04,US.UVXY,13886,1634,15520,0.8947,0.1053,0.1177,200
2026-06-04,US.VEEV,5846,2998,8844,0.661,0.339,0.5128,200
2026-06-04,US.VST,3726,3841,7567,0.4924,0.5076,1.0309,200
2026-06-04,US.WDAY,1909,746,2655,0.719,0.281,0.3908,200
2026-06-04,US.XOM,12290,11794,24084,0.5103,0.4897,0.9596,200
2026-06-04,US.YINN,1913,710,2623,0.7293,0.2707,0.3711,200
2026-06-03,US.GFS,35014,4679,39693,0.8821,0.1179,0.1336,
2026-06-03,US.QCOM,216434,15331,231765,0.9339,0.0661,0.0708,
2026-06-03,US.VEEV,9437,4858,14295,0.6602,0.3398,0.5148,
2026-06-03,US.AVGO,247330,65501,312831,0.7906,0.2094,0.2648,
2026-06-03,US.COHR,7566,22314,29880,0.2532,0.7468,2.9492,
2026-06-03,US.VST,5928,12010,17938,0.3305,0.6695,2.026,
2026-06-03,US.INTC,486564,87246,573810,0.848,0.152,0.1793,
2026-06-03,US.MSTR,78289,194188,272477,0.2873,0.7127,2.4804,
2026-06-03,US.MRNA,30544,4055,34599,0.8828,0.1172,0.1328,
2026-06-03,US.NOK,563572,128334,691906,0.8145,0.1855,0.2277,
2026-06-03,US.SOXS,237478,51949,289427,0.8205,0.1795,0.2188,
2026-06-03,US.AMD,192445,39422,231867,0.83,0.17,0.2048,
2026-06-03,US.OKLO,85165,15699,100864,0.8444,0.1556,0.1843,
2026-06-03,US.GOOGL,229445,71131,300576,0.7634,0.2366,0.31,
2026-06-03,US.MRVL,219133,56325,275458,0.7955,0.2045,0.257,
2026-06-03,US.SQQQ,47929,7626,55555,0.8627,0.1373,0.1591,
2026-06-03,US.XOM,41914,17135,59049,0.7098,0.2902,0.4088,
2026-06-03,US.OPEN,141529,21402,162931,0.8686,0.1314,0.1512,
2026-06-03,US.AMZN,420825,131777,552602,0.7615,0.2385,0.3131,
2026-06-03,US.META,254728,37978,292706,0.8703,0.1297,0.1491,
2026-06-03,US.AAPL,448045,126439,574484,0.7799,0.2201,0.2822,
2026-06-03,US.CRWD,22534,21175,43709,0.5155,0.4845,0.9397,
2026-06-03,US.LI,4167,589,4756,0.8762,0.1238,0.1413,
2026-06-03,US.TNA,8493,15499,23992,0.354,0.646,1.8249,
2026-06-03,US.SCO,2324,721,3045,0.7632,0.2368,0.3102,
2026-06-03,US.AEHR,5544,1895,7439,0.7453,0.2547,0.3418,
2026-06-03,US.FUTU,6609,9778,16387,0.4033,0.5967,1.4795,
2026-06-03,US.SMCI,183409,32522,215931,0.8494,0.1506,0.1773,
2026-06-03,US.ASX,3209,414,3623,0.8857,0.1143,0.129,
2026-06-03,US.BABA,57690,16441,74131,0.7782,0.2218,0.285,
2026-06-03,US.IBIT,188769,299397,488166,0.3867,0.6133,1.586,
2026-06-03,US.RBRK,6353,1675,8028,0.7914,0.2086,0.2637,
2026-06-03,US.IWM,137732,433008,570740,0.2413,0.7587,3.1438,
2026-06-03,US.SAP,3904,991,4895,0.7975,0.2025,0.2538,
2026-06-03,US.FCX,37318,16999,54317,0.687,0.313,0.4555,
2026-06-03,US.IBM,80571,23873,104444,0.7714,0.2286,0.2963,
2026-06-03,US.CVX,17973,9021,26994,0.6658,0.3342,0.5019,
2026-06-03,US.RDDT,21973,5195,27168,0.8088,0.1912,0.2364,
2026-06-03,US.CBRS,12963,5891,18854,0.6875,0.3125,0.4544,
2026-06-03,US.IREN,208902,90255,299157,0.6983,0.3017,0.432,
2026-06-03,US.DJT,9904,1772,11676,0.8482,0.1518,0.1789,
2026-06-03,US.MARA,80624,23321,103945,0.7756,0.2244,0.2893,
2026-06-03,US.NVDA,912995,220129,1133124,0.8057,0.1943,0.2411,
2026-06-03,US.SOFI,222290,69572,291862,0.7616,0.2384,0.313,
2026-06-03,US.SOUN,59366,17012,76378,0.7773,0.2227,0.2866,
2026-06-03,US.CRWV,111627,38880,150507,0.7417,0.2583,0.3483,
2026-06-03,US.BMNR,88027,55504,143531,0.6133,0.3867,0.6305,
2026-06-03,US.BBAI,69324,15859,85183,0.8138,0.1862,0.2288,
2026-06-03,US.MSFT,270660,65706,336366,0.8047,0.1953,0.2428,
2026-06-03,US.JD,18717,6860,25577,0.7318,0.2682,0.3665,
2026-06-03,US.TMF,8831,5227,14058,0.6282,0.3718,0.5919,
2026-06-03,US.SOXL,41701,26102,67803,0.615,0.385,0.6259,
2026-06-03,US.TWLO,2213,455,2668,0.8295,0.1705,0.2056,
2026-06-03,US.NOW,107696,34896,142592,0.7553,0.2447,0.324,
2026-06-03,US.TSLA,683444,273459,956903,0.7142,0.2858,0.4001,
2026-06-03,US.ORCL,149842,49564,199406,0.7514,0.2486,0.3308,
2026-06-03,US.ASML,5802,5947,11749,0.4938,0.5062,1.025,
2026-06-03,US.PLTR,303431,135442,438873,0.6914,0.3086,0.4464,
2026-06-03,US.RXRX,10658,2055,12713,0.8384,0.1616,0.1928,
2026-06-03,US.PANW,38168,31789,69957,0.5456,0.4544,0.8329,
2026-06-03,US.HPE,77886,20681,98567,0.7902,0.2098,0.2655,
2026-06-03,US.TEAM,7523,3660,11183,0.6727,0.3273,0.4865,
2026-06-03,US.UVXY,7982,2952,10934,0.73,0.27,0.3698,
2026-06-03,US.SBET,8236,3018,11254,0.7318,0.2682,0.3664,
2026-06-03,US.DUOL,1824,738,2562,0.7119,0.2881,0.4046,
2026-06-03,US.APLD,25873,10638,36511,0.7086,0.2914,0.4112,
2026-06-03,US.COIN,65472,52348,117820,0.5557,0.4443,0.7995,
2026-06-03,US.YINN,3392,1777,5169,0.6562,0.3438,0.5239,
2026-06-03,US.TSM,29778,37199,66977,0.4446,0.5554,1.2492,
2026-06-03,US.HOOD,145998,68807,214805,0.6797,0.3203,0.4713,
2026-06-03,US.GDS,551,187,738,0.7466,0.2534,0.3394,
2026-06-03,US.LITE,9217,6646,15863,0.581,0.419,0.7211,
2026-06-03,US.MDB,9755,5896,15651,0.6233,0.3767,0.6044,
2026-06-03,US.MP,12753,10857,23610,0.5402,0.4598,0.8513,
2026-06-03,US.IGV,85988,57498,143486,0.5993,0.4007,0.6687,
2026-06-03,US.DELL,37579,19810,57389,0.6548,0.3452,0.5272,
2026-06-03,US.QQQ,493247,644796,1138043,0.4334,0.5666,1.3072,
2026-06-03,US.INTU,7112,4647,11759,0.6048,0.3952,0.6534,
2026-06-03,US.DDOG,10105,7119,17224,0.5867,0.4133,0.7045,
2026-06-03,US.SPY,759795,954908,1714703,0.4431,0.5569,1.2568,
2026-06-03,US.NET,7818,4149,11967,0.6533,0.3467,0.5307,
2026-06-03,US.SVIX,1559,1915,3474,0.4488,0.5512,1.2284,
2026-06-03,US.PDD,24130,14695,38825,0.6215,0.3785,0.609,
2026-06-03,US.SNOW,29608,16320,45928,0.6447,0.3553,0.5512,
2026-06-03,US.CRCL,29349,27645,56994,0.5149,0.4851,0.9419,
2026-06-03,US.UPST,8622,6913,15535,0.555,0.445,0.8018,
2026-06-03,US.CRM,40177,23568,63745,0.6303,0.3697,0.5866,
2026-06-03,US.NBIS,34232,36762,70994,0.4822,0.5178,1.0739,
2026-06-03,US.ADSK,1511,858,2369,0.6378,0.3622,0.5678,
2026-06-03,US.GEV,2919,2780,5699,0.5122,0.4878,0.9524,
2026-06-03,US.GEMI,1424,1345,2769,0.5143,0.4857,0.9445,
2026-06-03,US.EWT,1041,1208,2249,0.4629,0.5371,1.1604,
2026-06-03,US.TIGR,4774,4405,9179,0.5201,0.4799,0.9227,
2026-06-03,US.WDAY,3037,2845,5882,0.5163,0.4837,0.9368,
2026-06-05,US.AAPL,330453,135839,466292,0.7087,0.2913,0.4111,200
2026-06-05,US.ADSK,1104,809,1913,0.5771,0.4229,0.7328,200
2026-06-05,US.AEHR,2452,1913,4365,0.5617,0.4383,0.7802,200
2026-06-05,US.AMD,109403,101355,210758,0.5191,0.4809,0.9264,200
2026-06-05,US.AMZN,435192,143107,578299,0.7525,0.2475,0.3288,200
2026-06-05,US.APLD,38528,18696,57224,0.6733,0.3267,0.4853,200
2026-06-05,US.ASML,4242,2090,6332,0.6699,0.3301,0.4927,200
2026-06-05,US.ASX,5650,1679,7329,0.7709,0.2291,0.2972,200
2026-06-05,US.AVGO,88651,101028,189679,0.4674,0.5326,1.1396,200
2026-06-05,US.BABA,62389,20622,83011,0.7516,0.2484,0.3305,200
2026-06-05,US.BBAI,71813,22161,93974,0.7642,0.2358,0.3086,200
2026-06-05,US.BMNR,86463,60355,146818,0.5889,0.4111,0.698,200
2026-06-05,US.CBRS,10562,7091,17653,0.5983,0.4017,0.6714,200
2026-06-05,US.COHR,10053,7306,17359,0.5791,0.4209,0.7267,200
2026-06-05,US.COIN,58161,63325,121486,0.4787,0.5213,1.0888,200
2026-06-05,US.CRCL,32157,46635,78792,0.4081,0.5919,1.4502,200
2026-06-05,US.CRM,31656,18068,49724,0.6366,0.3634,0.5708,200
2026-06-05,US.CRWD,7313,7511,14824,0.4933,0.5067,1.0271,200
2026-06-05,US.CRWV,85371,66254,151625,0.563,0.437,0.7761,200
2026-06-05,US.CVX,26462,5892,32354,0.8179,0.1821,0.2227,200
2026-06-05,US.DDOG,7239,6727,13966,0.5183,0.4817,0.9293,200
2026-06-05,US.DELL,15819,18777,34596,0.4572,0.5428,1.187,200
2026-06-05,US.DJT,19516,4319,23835,0.8188,0.1812,0.2213,200
2026-06-05,US.DUOL,2048,1103,3151,0.65,0.35,0.5386,200
2026-06-05,US.EWT,13546,5441,18987,0.7134,0.2866,0.4017,200
2026-06-05,US.FCX,98425,42008,140433,0.7009,0.2991,0.4268,200
2026-06-05,US.FUTU,3225,6167,9392,0.3434,0.6566,1.9122,200
2026-06-05,US.GDS,1089,65,1154,0.9437,0.0563,0.0597,200
2026-06-05,US.GEMI,1469,1648,3117,0.4713,0.5287,1.1219,200
2026-06-05,US.GEV,4420,6552,10972,0.4028,0.5972,1.4824,200
2026-06-05,US.GFS,7226,3982,11208,0.6447,0.3553,0.5511,200
2026-06-05,US.GOOGL,109953,47552,157505,0.6981,0.3019,0.4325,200
2026-06-05,US.HOOD,193995,49490,243485,0.7967,0.2033,0.2551,200
2026-06-05,US.HPE,81710,30068,111778,0.731,0.269,0.368,200
2026-06-05,US.IBIT,189994,522800,712794,0.2665,0.7335,2.7517,200
2026-06-05,US.IBM,35617,16841,52458,0.679,0.321,0.4728,200
2026-06-05,US.IGV,80998,32500,113498,0.7137,0.2863,0.4012,200
2026-06-05,US.INTC,216209,108836,325045,0.6652,0.3348,0.5034,200
2026-06-05,US.INTU,6620,8231,14851,0.4458,0.5542,1.2434,200
2026-06-05,US.IREN,155453,125890,281343,0.5525,0.4475,0.8098,200
2026-06-05,US.IWM,244362,1092256,1336618,0.1828,0.8172,4.4698,200
2026-06-05,US.JD,20919,2951,23870,0.8764,0.1236,0.1411,200
2026-06-05,US.LI,9703,5499,15202,0.6383,0.3617,0.5667,200
2026-06-05,US.LITE,11896,7790,19686,0.6043,0.3957,0.6548,200
2026-06-05,US.MARA,223332,65479,288811,0.7733,0.2267,0.2932,200
2026-06-05,US.MDB,8944,2704,11648,0.7679,0.2321,0.3023,200
2026-06-05,US.META,140182,106824,247006,0.5675,0.4325,0.762,200
2026-06-05,US.MP,13626,9014,22640,0.6019,0.3981,0.6615,200
2026-06-05,US.MRNA,26824,6949,33773,0.7942,0.2058,0.2591,200
2026-06-05,US.MRVL,176468,87410,263878,0.6687,0.3313,0.4953,200
2026-06-05,US.MSFT,218081,78311,296392,0.7358,0.2642,0.3591,200
2026-06-05,US.MSTR,160843,260636,421479,0.3816,0.6184,1.6204,200
2026-06-05,US.NBIS,53217,51472,104689,0.5083,0.4917,0.9672,200
2026-06-05,US.NET,10690,4921,15611,0.6848,0.3152,0.4603,200
2026-06-05,US.NOK,528282,113329,641611,0.8234,0.1766,0.2145,200
2026-06-05,US.NOW,59592,43992,103584,0.5753,0.4247,0.7382,200
2026-06-05,US.NVDA,1156616,559599,1716215,0.6739,0.3261,0.4838,200
2026-06-05,US.OKLO,52094,23795,75889,0.6864,0.3136,0.4568,200
2026-06-05,US.OPEN,81362,22995,104357,0.7797,0.2203,0.2826,200
2026-06-05,US.ORCL,100587,49135,149722,0.6718,0.3282,0.4885,200
2026-06-05,US.PANW,11112,7378,18490,0.601,0.399,0.664,200
2026-06-05,US.PDD,19357,33026,52383,0.3695,0.6305,1.7062,200
2026-06-05,US.PLTR,179017,78522,257539,0.6951,0.3049,0.4386,200
2026-06-05,US.QCOM,40263,37231,77494,0.5196,0.4804,0.9247,200
2026-06-05,US.QQQ,978043,1125177,2103220,0.465,0.535,1.1504,200
2026-06-05,US.RBRK,21024,2492,23516,0.894,0.106,0.1185,200
2026-06-05,US.RDDT,29325,8953,38278,0.7661,0.2339,0.3053,200
2026-06-05,US.RXRX,18498,3911,22409,0.8255,0.1745,0.2114,200
2026-06-05,US.SAP,3170,1444,4614,0.687,0.313,0.4555,200
2026-06-05,US.SBET,14405,14022,28427,0.5067,0.4933,0.9734,200
2026-06-05,US.SCO,1891,4597,6488,0.2915,0.7085,2.431,200
2026-06-05,US.SMCI,140692,47439,188131,0.7478,0.2522,0.3372,200
2026-06-05,US.SNOW,28516,11916,40432,0.7053,0.2947,0.4179,200
2026-06-05,US.SOFI,227135,69689,296824,0.7652,0.2348,0.3068,200
2026-06-05,US.SOUN,52488,13643,66131,0.7937,0.2063,0.2599,200
2026-06-05,US.SOXL,41297,43611,84908,0.4864,0.5136,1.056,200
2026-06-05,US.SOXS,332093,47486,379579,0.8749,0.1251,0.143,200
2026-06-05,US.SPY,1006527,2245511,3252038,0.3095,0.6905,2.2309,200
2026-06-05,US.SQQQ,127896,11161,139057,0.9197,0.0803,0.0873,200
2026-06-05,US.SVIX,5501,7145,12646,0.435,0.565,1.2989,200
2026-06-05,US.TEAM,4414,2624,7038,0.6272,0.3728,0.5945,200
2026-06-05,US.TIGR,2717,1014,3731,0.7282,0.2718,0.3732,200
2026-06-05,US.TMF,17186,4707,21893,0.785,0.215,0.2739,200
2026-06-05,US.TNA,9036,14058,23094,0.3913,0.6087,1.5558,200
2026-06-05,US.TSLA,501207,306471,807678,0.6206,0.3794,0.6115,200
2026-06-05,US.TSM,84635,46767,131402,0.6441,0.3559,0.5526,200
2026-06-05,US.TWLO,6617,2730,9347,0.7079,0.2921,0.4126,200
2026-06-05,US.UPST,7811,6213,14024,0.557,0.443,0.7954,200
2026-06-05,US.UVXY,37961,8267,46228,0.8212,0.1788,0.2178,200
2026-06-05,US.VEEV,3865,759,4624,0.8359,0.1641,0.1964,200
2026-06-05,US.VST,11015,8348,19363,0.5689,0.4311,0.7579,200
2026-06-05,US.WDAY,3194,3388,6582,0.4853,0.5147,1.0607,200
2026-06-05,US.XOM,17017,11101,28118,0.6052,0.3948,0.6523,200
2026-06-05,US.YINN,4426,4217,8643,0.5121,0.4879,0.9528,200
2026-06-08,US.AAPL,299801,116054,415855,0.7209,0.2791,0.3871,200
2026-06-08,US.CRWV,41912,14449,56361,0.7436,0.2564,0.3447,200
2026-06-08,US.GFS,2074,1041,3115,0.6658,0.3342,0.5019,200
2026-06-08,US.HOOD,79082,20399,99481,0.7949,0.2051,0.2579,200
2026-06-08,US.INTC,224101,53824,277925,0.8063,0.1937,0.2402,200
2026-06-08,US.NBIS,24990,8622,33612,0.7435,0.2565,0.345,200
2026-06-08,US.NOK,284855,15382,300237,0.9488,0.0512,0.054,200
2026-06-08,US.QCOM,13699,6012,19711,0.695,0.305,0.4389,200
2026-06-08,US.RDDT,15147,3161,18308,0.8273,0.1727,0.2087,200
2026-06-08,US.SMCI,54585,8543,63128,0.8647,0.1353,0.1565,200
2026-06-08,US.ADSK,4146,150,4296,0.9651,0.0349,0.0362,200
2026-06-08,US.AEHR,2247,1025,3272,0.6867,0.3133,0.4562,200
2026-06-08,US.AMD,49180,40198,89378,0.5502,0.4498,0.8174,200
2026-06-08,US.AMZN,140014,72734,212748,0.6581,0.3419,0.5195,200
2026-06-08,US.APLD,25815,8410,34225,0.7543,0.2457,0.3258,200
2026-06-08,US.ASML,10055,1312,11367,0.8846,0.1154,0.1305,200
2026-06-08,US.ASX,763,216,979,0.7794,0.2206,0.2831,200
2026-06-08,US.AVGO,68344,37239,105583,0.6473,0.3527,0.5449,200
2026-06-08,US.BABA,31645,13714,45359,0.6977,0.3023,0.4334,200
2026-06-08,US.BBAI,43444,6414,49858,0.8714,0.1286,0.1476,200
2026-06-08,US.BMNR,60062,16480,76542,0.7847,0.2153,0.2744,200
2026-06-08,US.CBRS,22010,3445,25455,0.8647,0.1353,0.1565,200
2026-06-08,US.COHR,6164,3073,9237,0.6673,0.3327,0.4985,200
2026-06-08,US.COIN,66252,10925,77177,0.8584,0.1416,0.1649,200
2026-06-08,US.CRCL,18606,12317,30923,0.6017,0.3983,0.662,200
2026-06-08,US.CRM,23377,11841,35218,0.6638,0.3362,0.5065,200
2026-06-08,US.CRWD,4915,2902,7817,0.6288,0.3712,0.5904,200
2026-06-08,US.CVX,9951,3548,13499,0.7372,0.2628,0.3565,200
2026-06-08,US.DDOG,11899,3430,15329,0.7762,0.2238,0.2883,200
2026-06-08,US.DELL,14991,9270,24261,0.6179,0.3821,0.6184,200
2026-06-08,US.DJT,5689,2985,8674,0.6559,0.3441,0.5247,200
2026-06-08,US.DUOL,5575,1602,7177,0.7768,0.2232,0.2874,200
2026-06-08,US.EWT,1624,399,2023,0.8028,0.1972,0.2457,200
2026-06-08,US.FCX,10261,9682,19943,0.5145,0.4855,0.9436,200
2026-06-08,US.FUTU,1881,2882,4763,0.3949,0.6051,1.5322,200
2026-06-08,US.GDS,10969,60,11029,0.9946,0.0054,0.0055,200
2026-06-08,US.GEMI,955,616,1571,0.6079,0.3921,0.645,200
2026-06-08,US.GEV,1635,2147,3782,0.4323,0.5677,1.3131,200
2026-06-08,US.GOOGL,124356,61674,186030,0.6685,0.3315,0.4959,200
2026-06-08,US.HPE,19941,3838,23779,0.8386,0.1614,0.1925,200
2026-06-08,US.IBIT,151116,143875,294991,0.5123,0.4877,0.9521,200
2026-06-08,US.IBM,14632,3202,17834,0.8205,0.1795,0.2188,200
2026-06-08,US.IGV,15189,3139,18328,0.8287,0.1713,0.2067,200
2026-06-08,US.INTU,4443,1747,6190,0.7178,0.2822,0.3932,200
2026-06-08,US.IREN,97301,40454,137755,0.7063,0.2937,0.4158,200
2026-06-08,US.IWM,351698,547216,898914,0.3912,0.6088,1.5559,200
2026-06-08,US.JD,3364,2260,5624,0.5982,0.4018,0.6718,200
2026-06-08,US.LI,1549,509,2058,0.7527,0.2473,0.3286,200
2026-06-08,US.LITE,6314,2861,9175,0.6882,0.3118,0.4531,200
2026-06-08,US.MARA,50018,29927,79945,0.6257,0.3743,0.5983,200
2026-06-08,US.MDB,1837,1578,3415,0.5379,0.4621,0.859,200
2026-06-08,US.META,112833,76983,189816,0.5944,0.4056,0.6823,200
2026-06-08,US.MP,8003,5105,13108,0.6105,0.3895,0.6379,200
2026-06-08,US.MRNA,6751,2820,9571,0.7054,0.2946,0.4177,200
2026-06-08,US.MRVL,156088,24998,181086,0.862,0.138,0.1602,200
2026-06-08,US.MSFT,121343,69870,191213,0.6346,0.3654,0.5758,200
2026-06-08,US.MSTR,147327,51864,199191,0.7396,0.2604,0.352,200
2026-06-08,US.NET,5109,1322,6431,0.7944,0.2056,0.2588,200
2026-06-08,US.NOW,34678,5084,39762,0.8721,0.1279,0.1466,200
2026-06-08,US.NVDA,876752,499463,1376215,0.6371,0.3629,0.5697,200
2026-06-08,US.OKLO,18838,6774,25612,0.7355,0.2645,0.3596,200
2026-06-08,US.OPEN,34323,5586,39909,0.86,0.14,0.1627,200
2026-06-08,US.ORCL,54828,22957,77785,0.7049,0.2951,0.4187,200
2026-06-08,US.PANW,6024,3053,9077,0.6637,0.3363,0.5068,200
2026-06-08,US.PDD,14229,11785,26014,0.547,0.453,0.8282,200
2026-06-08,US.PLTR,93863,38429,132292,0.7095,0.2905,0.4094,200
2026-06-08,US.QQQ,1623044,1299993,2923037,0.5553,0.4447,0.801,200
2026-06-08,US.RBRK,10777,1033,11810,0.9125,0.0875,0.0959,200
2026-06-08,US.RXRX,4206,1178,5384,0.7812,0.2188,0.2801,200
2026-06-08,US.SAP,935,927,1862,0.5021,0.4979,0.9914,200
2026-06-08,US.SBET,5144,4112,9256,0.5557,0.4443,0.7994,200
2026-06-08,US.SCO,1679,771,2450,0.6853,0.3147,0.4592,200
2026-06-08,US.SNOW,11818,3325,15143,0.7804,0.2196,0.2814,200
2026-06-08,US.SOFI,122932,31939,154871,0.7938,0.2062,0.2598,200
2026-06-08,US.SOUN,22067,4595,26662,0.8277,0.1723,0.2082,200
2026-06-08,US.SOXL,30894,24494,55388,0.5578,0.4422,0.7928,200
2026-06-08,US.SOXS,146322,40652,186974,0.7826,0.2174,0.2778,200
2026-06-08,US.SPY,2378800,2280272,4659072,0.5106,0.4894,0.9586,200
2026-06-08,US.SQQQ,47832,13303,61135,0.7824,0.2176,0.2781,200
2026-06-08,US.SVIX,1596,1175,2771,0.576,0.424,0.7362,200
2026-06-08,US.TEAM,2113,739,2852,0.7409,0.2591,0.3497,200
2026-06-08,US.TIGR,3382,1105,4487,0.7537,0.2463,0.3267,200
2026-06-08,US.TMF,2391,1729,4120,0.5803,0.4197,0.7231,200
2026-06-08,US.TNA,6679,4949,11628,0.5744,0.4256,0.741,200
2026-06-08,US.TSLA,766417,464915,1231332,0.6224,0.3776,0.6066,200
2026-06-08,US.TSM,35323,15835,51158,0.6905,0.3095,0.4483,200
2026-06-08,US.TWLO,4421,793,5214,0.8479,0.1521,0.1794,200
2026-06-08,US.UPST,6342,1450,7792,0.8139,0.1861,0.2286,200
2026-06-08,US.UVXY,10017,3623,13640,0.7344,0.2656,0.3617,200
2026-06-08,US.VEEV,1101,744,1845,0.5967,0.4033,0.6757,200
2026-06-08,US.VST,6189,15915,22104,0.28,0.72,2.5715,200
2026-06-08,US.WDAY,1076,797,1873,0.5745,0.4255,0.7407,200
2026-06-08,US.XOM,18112,6611,24723,0.7326,0.2674,0.365,200
2026-06-08,US.YINN,1870,1026,2896,0.6457,0.3543,0.5487,200
